,APUBLDP_C22,APUBLDP_C32,APUCYCNB_A10,APUDCM_B21,APUDCM_B30,APUDMD_C22,APUDMD_C32,APUDP_C21,APUDP_C31,APUDP_D10,APUDUMES_C21,APUDUMES_C31,APUEGTC_B10,APUEGTC_B20,APUEGTC_C21,APUEGTC_C31,APUEGTC_D10,APUFF_C21,APUFF_C31,APUFF_D10,APUGEN1_C22,APUGEN1_C32,APUGEN1_D11,APUGEN1_E10,APUGEN2_C22,APUGEN2_C32,APUGEN2_D11,APUGOIT_B10,APUGOIT_B20,APUGOIT_C22,APUGOIT_C32,APUGOIT_D11,APUHR_A10,APUIT_B10,APUIT_B20,APUIT_C21,APUIT_C31,APUIT_D10,APUN1_B20,APUN1_C21,APUN1_C31,APUN1_D10,APUN2_B20,APUN2_C21,APUN2_C31,APUN2_D10,APUOIT_B10,APUOIT_B20,APUOIT_C22,APUOIT_C32,APUOIT_D11,APUP1_C21,APUP1_C31,APUP1_D10,APUST_B10,APUST_B20,APU_1_C23,APU_1_C33,APU_2_C23,APU_2_C33,APU_C30,BKPSTC_B21,BLEED_STATUS_10_C23,BLEED_STATUS_10_C33,BLEED_STATUS_11_C23,BLEED_STATUS_11_C33,BLEED_STATUS_12_C23,BLEED_STATUS_12_C33,BLEED_STATUS_13_C23,BLEED_STATUS_13_C33,BLEED_STATUS_1_C23,BLEED_STATUS_1_C33,BLEED_STATUS_2_C23,BLEED_STATUS_2_C33,BLEED_STATUS_3_C23,BLEED_STATUS_3_C33,BLEED_STATUS_4_C23,BLEED_STATUS_4_C33,BLEED_STATUS_5_C23,BLEED_STATUS_5_C33,BLEED_STATUS_6_C23,BLEED_STATUS_6_C33,BLEED_STATUS_7_C23,BLEED_STATUS_7_C33,BLEED_STATUS_8_C23,BLEED_STATUS_8_C33,BLEED_STATUS_9_C23,BLEED_STATUS_9_C33,IGV_B10,IGV_B20,IGV_C21,IGV_C31,IGV_D10,SCV_B10,SCV_B20,SCV_C21,SCV_C31,SCV_D10,STCMON_B11,STCMON_B21,STC_B21,APUBLDP_C42,APUBLDP_C52,APUDMD_C42,APUDMD_C52,APUDP_C41,APUDP_C51,APUDUMES_C41,APUDUMES_C51,APUEGTC_C41,APUEGTC_C51,APUFF_C41,APUFF_C51,APUGEN1_C42,APUGEN1_C52,APUGEN2_C42,APUGEN2_C52,APUGOIT_C42,APUGOIT_C52,APUIT_C41,APUIT_C51,APUN1_C41,APUN1_C51,APUN2_C41,APUN2_C51,APUOIT_C42,APUOIT_C52,APUP1_C41,APUP1_C51,APU_1_C43,APU_1_C53,APU_2_C43,APU_2_C53,APU_C40,APU_C50,BLEED_STATUS_10_C43,BLEED_STATUS_10_C53,BLEED_STATUS_11_C43,BLEED_STATUS_11_C53,BLEED_STATUS_12_C43,BLEED_STATUS_12_C53,BLEED_STATUS_13_C43,BLEED_STATUS_13_C53,BLEED_STATUS_1_C43,BLEED_STATUS_1_C53,BLEED_STATUS_2_C43,BLEED_STATUS_2_C53,BLEED_STATUS_3_C43,BLEED_STATUS_3_C53,BLEED_STATUS_4_C43,BLEED_STATUS_4_C53,BLEED_STATUS_5_C43,BLEED_STATUS_5_C53,BLEED_STATUS_6_C43,BLEED_STATUS_6_C53,BLEED_STATUS_7_C43,BLEED_STATUS_7_C53,BLEED_STATUS_8_C43,BLEED_STATUS_8_C53,BLEED_STATUS_9_C43,BLEED_STATUS_9_C53,IGV_C41,IGV_C51,SCV_C41,SCV_C51,Failure_4962W010
1351960422,0.400981114612025,-2.0736441353335033,-1.6344991518258762,-0.1980092425411878,0.4286779526604783,0.0,0.0,-0.3900947488027456,1.0,-0.85660346821703,0.0,0.0,2.257149785213117,0.43020703369349345,-0.002108756891722752,2.073644135332766,0.960839495672403,0.37175008662918885,2.0736441353328345,-0.11139466152923325,0.0,2.0736441353327724,0.0,0.6394535450837624,2.0736441353327733,0.0,0.0,2.1253560320007123,2.053920629710185,1.1196473999234027,2.073644135332723,-0.024069172569897452,-1.6839915130661034,2.1486331123784765,2.17299963440765,-0.08784395642126214,2.0736441353327617,1.0830811194622032,0.3707748708258827,-0.39009474880365774,1.0,0.13867504905678008,0.38475399364768303,1.1561661941948334,2.0736441353327497,1.0520171985253033,2.0786317631234414,2.056395537255933,-0.18231329116838202,2.073644135332733,0.9533749662307576,1.4552137502176323,2.0736441353323753,-0.44491033420181564,-1.688505509045591,-1.688505509045591,0.0,0.0,0.0,0.0,0.0,-0.24494897427831738,0.0,0.0,0.0,0.0,0.0,0.0,0.0,0.0,0.0,0.0,0.0,0.0,0.0,0.0,0.0,0.0,0.0,0.0,0.0,0.0,0.0,0.0,0.0,0.0,0.0,0.0,0.9782698584482842,-0.37293042778877905,0.3900947488026122,-2.0736441353342525,0.10838556292073842,1.2795399215600411,1.2229737619077363,0.30853858426919883,2.0736441353317066,0.5624409918213908,-2.7988092706244454,-0.24494897427831738,-0.1980295085953347,,,,,,,,,,,,,,,,,,,,,,,,,,,,,,,,,,,,,,,,,,,,,,,,,,,,,,,,,,,,,,,,,0
1352665080,0.400981114612025,-2.0736441353335033,-1.6344991518258762,5.1228812276401685,-2.0123064224062115,0.0,0.0,-0.3900947488027456,1.0,-0.85660346821703,0.0,0.0,-0.34680918594823823,-3.0635338897326903,-0.002108756891722752,2.073644135332766,0.960839495672403,0.37175008662918885,2.0736441353328345,-0.11139466152923325,0.0,2.0736441353327724,0.0,-3.482429441469679,2.0736441353327733,0.0,0.0,-0.6789045456245405,-0.8187909539239102,1.1196473999234027,2.073644135332723,-0.024069172569897452,-1.6839915130661034,-0.6043093787989506,-1.965183500239638,-0.08784395642126214,2.0736441353327617,1.0830811194622032,-2.963390538869782,-0.39009474880365774,1.0,0.13867504905678008,-3.2437089357699724,1.1561661941948334,2.0736441353327497,1.0520171985253033,-0.40587161020711343,-0.5855994147474658,-0.18231329116838202,2.073644135332733,0.9533749662307576,1.4552137502176323,2.0736441353323753,-0.44491033420181564,-1.528878678313076,-1.528878678313076,0.0,0.0,0.0,0.0,0.0,4.082482904638623,0.0,0.0,0.0,0.0,0.0,0.0,0.0,0.0,0.0,0.0,0.0,0.0,0.0,0.0,0.0,0.0,0.0,0.0,0.0,0.0,0.0,0.0,0.0,0.0,0.0,0.0,0.2601493252383243,2.8366475807448768,0.3900947488026122,-2.0736441353342525,0.10838556292073842,1.417657265435157,1.5060200910828878,0.30853858426919883,2.0736441353317066,0.5624409918213908,0.35729480050524826,4.082482904638623,5.049752469181035,,,,,,,,,,,,,,,,,,,,,,,,,,,,,,,,,,,,,,,,,,,,,,,,,,,,,,,,,,,,,,,,,1
1352691255,0.400981114612025,-2.0736441353335033,-1.6344991518258762,-0.1980092425411878,-2.0123064224062115,0.0,0.0,-0.3900947488027456,1.0,-0.85660346821703,0.0,0.0,-0.4659445637137904,-3.101274918226492,-0.002108756891722752,2.073644135332766,0.960839495672403,0.37175008662918885,2.0736441353328345,-0.11139466152923325,0.0,2.0736441353327724,0.0,-3.024442442963741,2.0736441353327733,0.0,0.0,-0.2600864074077819,-0.3507458552916727,1.1196473999234027,2.073644135332723,-0.024069172569897452,-1.6839915130661034,0.12409563832192504,-0.5648892072024246,-0.08784395642126214,2.0736441353327617,1.0830811194622032,-2.963390538869782,-0.39009474880365774,1.0,0.13867504905678008,-3.2437089357699724,1.1561661941948334,2.0736441353327497,1.0520171985253033,0.07039101726839234,-0.17195374044390335,-0.18231329116838202,2.073644135332733,0.9533749662307576,1.4552137502176323,2.0736441353323753,-0.44491033420181564,-1.528878678313076,-1.528878678313076,0.0,0.0,0.0,0.0,0.0,4.082482904638623,0.0,0.0,0.0,0.0,0.0,0.0,0.0,0.0,0.0,0.0,0.0,0.0,0.0,0.0,0.0,0.0,0.0,0.0,0.0,0.0,0.0,0.0,0.0,0.0,0.0,0.0,0.2601493252383243,2.8366475807448768,0.3900947488026122,-2.0736441353342525,0.10838556292073842,1.417657265435157,1.5060200910828878,0.30853858426919883,2.0736441353317066,0.5624409918213908,-2.7988092706244454,4.082482904638623,-0.1980295085953347,,,,,,,,,,,,,,,,,,,,,,,,,,,,,,,,,,,,,,,,,,,,,,,,,,,,,,,,,,,,,,,,,1
1352780026,0.400981114612025,-2.0736441353335033,-1.6344991518258762,-0.1980092425411878,-2.0123064224062115,0.0,0.0,-0.3900947488027456,1.0,-0.85660346821703,0.0,0.0,-0.4489252240329972,-3.090491767228263,-0.002108756891722752,2.073644135332766,0.960839495672403,0.37175008662918885,2.0736441353328345,-0.11139466152923325,0.0,2.0736441353327724,0.0,-2.566455444457803,2.0736441353327733,0.0,0.0,-0.19331829841670442,-0.2456052896568947,1.1196473999234027,2.073644135332723,-0.024069172569897452,-1.6839915130661034,0.702534916623797,0.636855895031005,-0.08784395642126214,2.0736441353327617,1.0830811194622032,-2.963390538869782,-0.39009474880365774,1.0,0.13867504905678008,-2.7558822530371545,1.1561661941948334,2.0736441353327497,1.0520171985253033,0.10611071432905528,-0.15527447938327585,-0.18231329116838202,2.073644135332733,0.9533749662307576,1.4552137502176323,2.0736441353323753,-0.44491033420181564,-1.528878678313076,-1.528878678313076,0.0,0.0,0.0,0.0,0.0,-0.24494897427831738,0.0,0.0,0.0,0.0,0.0,0.0,0.0,0.0,0.0,0.0,0.0,0.0,0.0,0.0,0.0,0.0,0.0,0.0,0.0,0.0,0.0,0.0,0.0,0.0,0.0,0.0,0.23963159571803944,2.8163337958807393,0.3900947488026122,-2.0736441353342525,0.10838556292073842,1.417657265435157,1.5060200910828878,0.30853858426919883,2.0736441353317066,0.5624409918213908,0.35729480050524826,-0.24494897427831738,-0.1980295085953347,,,,,,,,,,,,,,,,,,,,,,,,,,,,,,,,,,,,,,,,,,,,,,,,,,,,,,,,,,,,,,,,,1
1353121930,0.400981114612025,-2.0736441353335033,-1.6344991518258762,4.975590141960408,-2.1061904368318536,0.0,0.0,-0.3900947488027456,1.0,-0.85660346821703,0.0,0.0,-0.4489252240329972,-3.101274918226492,-0.002108756891722752,2.073644135332766,0.960839495672403,0.37175008662918885,2.0736441353328345,-0.11139466152923325,0.0,2.0736441353327724,0.0,-3.024442442963741,2.0736441353327733,0.0,0.0,-0.4087971956151817,-0.5135441504681031,1.1196473999234027,2.073644135332723,-0.024069172569897452,-1.6839915130661034,0.2794172963844647,-0.24094052746993475,-0.08784395642126214,2.0736441353327617,1.0830811194622032,-2.963390538869782,-0.39009474880365774,1.0,0.13867504905678008,-3.2437089357699724,1.1561661941948334,2.0736441353327497,1.0520171985253033,0.03467132020772946,-0.21531981920153487,-0.18231329116838202,2.073644135332733,0.9533749662307576,1.4552137502176323,2.0736441353323753,-0.44491033420181564,-1.528878678313076,-1.528878678313076,0.0,0.0,0.0,0.0,0.0,4.082482904638623,0.0,0.0,0.0,0.0,0.0,0.0,0.0,0.0,0.0,0.0,0.0,0.0,0.0,0.0,0.0,0.0,0.0,0.0,0.0,0.0,0.0,0.0,0.0,0.0,0.0,0.0,-0.06813434708622908,2.5319408077828207,0.3900947488026122,-2.0736441353342525,0.10838556292073842,1.417657265435157,1.5060200910828878,0.30853858426919883,2.0736441353317066,0.5624409918213908,0.35729480050524826,4.082482904638623,5.049752469181035,,,,,,,,,,,,,,,,,,,,,,,,,,,,,,,,,,,,,,,,,,,,,,,,,,,,,,,,,,,,,,,,,1
1353123710,0.400981114612025,-2.0736441353335033,-1.6344991518258762,-0.1980092425411878,-2.0123064224062115,0.0,0.0,-0.3900947488027456,1.0,-0.85660346821703,0.0,0.0,-0.4659445637137904,-3.0958833427273773,-0.002108756891722752,2.073644135332766,0.960839495672403,0.37175008662918885,2.0736441353328345,-0.11139466152923325,0.0,2.0736441353327724,0.0,-3.024442442963741,2.0736441353327733,0.0,0.0,-0.2874006338132227,-0.3507458552916727,1.1196473999234027,2.073644135332723,-0.024069172569897452,-1.6839915130661034,0.5043659046129705,0.23975751342343687,-0.08784395642126214,2.0736441353327617,1.0830811194622032,-2.963390538869782,-0.39009474880365774,1.0,0.13867504905678008,-2.747819002082893,1.1561661941948334,2.0736441353327497,1.0520171985253033,0.018795899291879248,-0.2286632280500369,-0.18231329116838202,2.073644135332733,0.9533749662307576,1.4552137502176323,2.0736441353323753,-0.44491033420181564,-1.528878678313076,-1.528878678313076,0.0,0.0,0.0,0.0,0.0,-0.24494897427831738,0.0,0.0,0.0,0.0,0.0,0.0,0.0,0.0,0.0,0.0,0.0,0.0,0.0,0.0,0.0,0.0,0.0,0.0,0.0,0.0,0.0,0.0,0.0,0.0,0.0,0.0,-0.06813434708622908,2.5116270229186832,0.3900947488026122,-2.0736441353342525,0.10838556292073842,1.69389195318539,1.5060200910828878,0.30853858426919883,2.0736441353317066,0.5624409918213908,0.35729480050524826,-0.24494897427831738,-0.1980295085953347,,,,,,,,,,,,,,,,,,,,,,,,,,,,,,,,,,,,,,,,,,,,,,,,,,,,,,,,,,,,,,,,,1
1353896073,0.400981114612025,-2.0736441353335033,-1.3941352345607436,-0.1980092425411878,0.14702590938355256,0.0,0.0,-0.3900947488027456,1.0,-0.85660346821703,0.0,0.0,-0.057480411374754306,0.29541764621563144,-0.002108756891722752,2.073644135332766,-1.0199124383172542,0.37175008662918885,2.0736441353328345,0.3336242124192008,0.0,2.0736441353327724,0.0,0.18146654657782452,2.0736441353327733,0.0,0.0,0.5441658145301965,0.520903350132132,1.1196473999234027,2.073644135332723,-0.9092252740177132,-1.4228483575342912,-0.06336153520182973,-0.19914069782703298,-0.08784395642126214,2.0736441353327617,-0.5869521183622903,0.36746716704642285,-0.39009474880365774,1.0,-7.211102550927496,0.3323428624449837,1.1561661941948334,2.0736441353327497,-0.4778980566471028,-0.08439433666114703,0.38846943119318117,-0.18231329116838202,2.073644135332733,-0.07607576131213087,1.4552137502176323,2.0736441353323753,0.9421630606622611,-1.4424141449996302,-1.4424141449996302,0.0,0.0,0.0,0.0,0.0,-0.24494897427831738,0.0,0.0,0.0,0.0,0.0,0.0,0.0,0.0,0.0,0.0,0.0,0.0,0.0,0.0,0.0,0.0,0.0,0.0,0.0,0.0,0.0,0.0,0.0,0.0,0.0,0.0,-1.3607513068641564,-0.3526166429246424,0.3900947488026122,-2.0736441353342525,0.10838556292073842,-0.7922202365667044,-0.7583505423183327,0.30853858426919883,2.0736441353317066,-0.7925304884756279,0.35729480050524826,-0.24494897427831738,-0.1980295085953347,,,,,,,,,,,,,,,,,,,,,,,,,,,,,,,,,,,,,,,,,,,,,,,,,,,,,,,,,,,,,,,,,1
1354238081,0.400981114612025,-2.0736441353335033,-1.3161793695017818,-0.1980092425411878,0.14702590938355256,0.0,0.0,-0.3900947488027456,1.0,-0.01586302718919776,0.0,0.0,-0.10853843041713382,0.27924291971828796,-0.002108756891722752,2.073644135332766,-1.3393885567026826,0.37175008662918885,2.0736441353328345,0.44487893090630937,0.0,2.0736441353327724,0.0,0.18146654657782452,2.0736441353327733,0.0,0.0,0.5441658145301965,0.507336825534096,1.1196473999234027,2.073644135332723,-0.7009532501476392,-1.3288197254279104,0.16158707302667605,-0.2722903997021112,-0.08784395642126214,2.0736441353327617,-0.9962739903780976,0.36746716704642285,-0.39009474880365774,1.0,0.13867504905678008,0.3242796114907221,1.1561661941948334,2.0736441353327497,-0.9878698083712301,-0.08439433666114703,0.40181284004168316,-0.18231329116838202,2.073644135332733,-0.6336949053978642,1.4552137502176323,2.0736441353323753,-0.44491033420181564,-1.3626007296333724,-1.3626007296333724,0.0,0.0,0.0,0.0,0.0,-0.24494897427831738,0.0,0.0,0.0,0.0,0.0,0.0,0.0,0.0,0.0,0.0,0.0,0.0,0.0,0.0,0.0,0.0,0.0,0.0,0.0,0.0,0.0,0.0,0.0,0.0,0.0,0.0,-0.8888435278976118,-0.3323028580605051,0.3900947488026122,-2.0736441353342525,1.5444942716197316,-0.7922202365667044,-0.7583505423183327,0.30853858426919883,2.0736441353317066,0.5624409918213908,-2.7988092706244454,-0.24494897427831738,-0.1980295085953347,,,,,,,,,,,,,,,,,,,,,,,,,,,,,,,,,,,,,,,,,,,,,,,,,,,,,,,,,,,,,,,,,0
1354671702,0.400981114612025,-2.0736441353335033,-1.2187345381780792,-0.1980092425411878,0.4286779526604783,0.0,0.0,-0.3900947488027456,1.0,0.8248774138386271,0.0,0.0,-0.48296390339458356,0.3008092217147459,-0.002108756891722752,2.073644135332766,-0.12537930683805415,0.37175008662918885,2.0736441353328345,-0.34873806096839305,0.0,2.0736441353327724,0.0,0.18146654657782452,2.0736441353327733,0.0,0.0,-0.8033360214715485,-0.8018327981763653,1.1196473999234027,2.073644135332723,-0.9092252740177132,-1.241202136419692,-0.7649869561050261,-0.39768988863081683,-0.08784395642126214,2.0736441353327617,-0.046647247301424624,0.3641594632669626,-0.39009474880365774,1.0,0.13867504905678008,0.34040611339924526,1.1561661941948334,2.0736441353327497,0.03207369507702454,-0.6717849105476043,-0.7957581041113725,-0.18231329116838202,2.073644135332733,0.07405246978787135,1.4552137502176323,2.0736441353323753,-0.44491033420181564,-1.2628339604255505,-1.2628339604255505,0.0,0.0,0.0,0.0,0.0,-0.24494897427831738,0.0,0.0,0.0,0.0,0.0,0.0,0.0,0.0,0.0,0.0,0.0,0.0,0.0,0.0,0.0,0.0,0.0,0.0,0.0,0.0,0.0,0.0,0.0,0.0,0.0,0.0,-0.10916980612679733,-0.3323028580605051,0.3900947488026122,-2.0736441353342525,1.5444942716197316,-0.7922202365667044,-0.7583505423183327,0.30853858426919883,2.0736441353317066,0.5624409918213908,0.35729480050524826,-0.24494897427831738,-0.1980295085953347,,,,,,,,,,,,,,,,,,,,,,,,,,,,,,,,,,,,,,,,,,,,,,,,,,,,,,,,,,,,,,,,,0
1354835536,0.400981114612025,-2.0736441353335033,-1.1862529277368452,-0.1980092425411878,-3.5144506532164823,0.0,0.0,-0.3900947488027456,1.0,1.6656178548664593,0.0,0.0,0.1637710044755569,0.34394182570766174,-0.002108756891722752,2.073644135332766,-0.2531697541922256,0.37175008662918885,2.0736441353328345,-1.0385173155884708,0.0,2.0736441353327724,0.0,0.18146654657782452,2.0736441353327733,0.0,0.0,1.1359740533147469,1.131396957043746,1.1196473999234027,2.073644135332723,2.2929570929846865,-1.1954700289861337,1.463075449205888,1.274303297085259,-0.08784395642126214,2.0736441353327617,0.03521712710173683,0.3707748708258827,-0.39009474880365774,1.0,0.13867504905678008,0.36862749173915993,1.1561661941948334,2.0736441353327497,0.03207369507702454,1.153888494775168,1.1323644744971681,-0.18231329116838202,2.073644135332733,0.15984003041644665,1.4552137502176323,2.0736441353323753,0.9421630606622611,-1.22957837068961,-1.22957837068961,0.0,0.0,0.0,0.0,0.0,-0.24494897427831738,0.0,0.0,0.0,0.0,0.0,0.0,0.0,0.0,0.0,0.0,0.0,0.0,0.0,0.0,0.0,0.0,0.0,0.0,0.0,0.0,0.0,0.0,0.0,0.0,0.0,0.0,0.9372343994077159,-0.3932442126529164,0.3900947488026122,-2.0736441353342525,0.10838556292073842,1.417657265435157,1.3644969264953122,0.30853858426919883,2.0736441353317066,0.5624409918213908,0.35729480050524826,-0.24494897427831738,-0.1980295085953347,,,,,,,,,,,,,,,,,,,,,,,,,,,,,,,,,,,,,,,,,,,,,,,,,,,,,,,,,,,,,,,,,0
1355273104,0.3870636299529302,0.4822428221696784,-1.075815452236649,-0.1980092425411878,0.14702590938355256,0.0,0.0,-0.3900947488027456,1.0,0.8248774138386271,0.0,0.0,0.674351194899352,0.3223755237112038,-0.6726934484593291,-0.4822428221704206,-0.44485542522348276,-0.841250339880368,-0.4822428221703465,-0.7937569349168271,0.0,-0.48224282217041214,0.0,0.6394535450837624,-0.48224282217041237,0.0,0.0,1.60031590220724,1.562134113031385,-0.7311537601838952,-0.4822428221704639,2.006583060163331,-1.086909699190585,1.7469391691132878,1.4415026156568664,-0.5779207659293812,-0.4822428221704243,-0.16125737146585054,0.3707748708258827,-0.39009474880365774,1.0,0.13867504905678008,0.3525009898306373,-0.8365755388887568,-0.4822428221704333,-0.13791688883100983,1.364237821910183,1.4893006611945971,-0.5663917100105552,-0.4822428221704492,-0.483566674297859,-0.6871842709366432,-0.48224282217080444,-0.44491033420181564,-1.1165093655874117,-1.1165093655874117,0.0,0.0,0.0,0.0,0.0,-0.24494897427831738,0.0,0.0,0.0,0.0,0.0,0.0,0.0,0.0,0.0,0.0,0.0,0.0,0.0,0.0,0.0,0.0,0.0,0.0,0.0,0.0,0.0,0.0,0.0,0.0,0.0,0.0,0.8551634813265765,-0.37293042778877905,0.3900947488026122,0.48224282216893616,0.10838556292073842,1.2795399215600411,1.3644969264953122,0.4550190359214333,-0.4822428221714778,1.9174124721184096,0.35729480050524826,-0.24494897427831738,-0.1980295085953347,,,,,,,,,,,,,,,,,,,,,,,,,,,,,,,,,,,,,,,,,,,,,,,,,,,,,,,,,,,,,,,,,0
1355519748,0.3870636299529302,0.4822428221696784,-1.0108522313541808,-0.1980092425411878,0.2409099238091945,0.0,0.0,-0.3900947488027456,1.0,-0.01586302718919776,0.0,0.0,-0.43190588435220406,0.36550812770411967,-0.6726934484593291,-0.4822428221704206,-0.06148408316096845,-0.841250339880368,-0.4822428221703465,-0.9569305220312563,0.0,-0.48224282217041214,0.0,0.18146654657782452,-0.48224282217041237,0.0,0.0,-0.11441053324543103,-0.09637351907850013,-0.7311537601838952,-0.4822428221704639,-0.4145792173262878,-1.0223718653357508,-0.5828857018248073,-0.2827403571128367,-0.5779207659293812,-0.4822428221704243,0.26443737543058865,0.35092864814912295,-0.39009474880365774,1.0,0.13867504905678008,0.3605642407848989,-0.8365755388887568,-0.4822428221704333,0.20206427898508308,-0.5844700955104281,-0.12858766168627178,-0.5663917100105552,-0.4822428221704492,-0.011735090840700908,-0.6871842709366432,-0.48224282217080444,0.9421630606622611,-1.0499981861155303,-1.0499981861155303,0.0,0.0,0.0,0.0,0.0,-0.24494897427831738,0.0,0.0,0.0,0.0,0.0,0.0,0.0,0.0,0.0,0.0,0.0,0.0,0.0,0.0,0.0,0.0,0.0,0.0,0.0,0.0,0.0,0.0,0.0,0.0,0.0,0.0,0.3627379728397471,-0.3323028580605051,0.3900947488026122,0.48224282216893616,1.5444942716197316,-0.654102892691588,-0.6168273777307562,0.4550190359214333,-0.4822428221714778,0.5624409918213908,0.35729480050524826,-0.24494897427831738,-0.1980295085953347,,,,,,,,,,,,,,,,,,,,,,,,,,,,,,,,,,,,,,,,,,,,,,,,,,,,,,,,,,,,,,,,,0
1355675040,0.3870636299529302,0.4822428221696784,-0.9783706209129467,-0.1980092425411878,0.5225619670861202,0.0,0.0,-0.3900947488027456,1.0,-0.01586302718919776,0.0,0.0,-0.48296390339458356,0.31159237271297485,-0.6726934484593291,-0.4822428221704206,-0.2531697541922256,-0.841250339880368,-0.4822428221703465,0.7267242177403227,0.0,-0.48224282217041214,0.0,0.18146654657782452,-0.48224282217041237,0.0,0.0,-0.9004532709131156,-0.8798403146150716,-0.7311537601838952,-0.4822428221704639,-0.9092252740177132,-0.9868974268592527,-0.984579645089996,-0.6380389090775028,-0.5779207659293812,-0.4822428221704243,-0.3577318700334379,0.3773902783848027,-0.39009474880365774,1.0,0.13867504905678008,0.34040611339924526,-0.8365755388887568,-0.4822428221704333,-0.13791688883100983,-0.8543522510798813,-0.932528044808518,-0.5663917100105552,-0.4822428221704492,-0.011735090840700908,-0.6871842709366432,-0.48224282217080444,0.9421630606622611,-1.0167425963795897,-1.0167425963795897,0.0,0.0,0.0,0.0,0.0,-0.24494897427831738,0.0,0.0,0.0,0.0,0.0,0.0,0.0,0.0,0.0,0.0,0.0,0.0,0.0,0.0,0.0,0.0,0.0,0.0,0.0,0.0,0.0,0.0,0.0,0.0,0.0,0.0,0.8346457518062931,-0.3119890731963684,0.3900947488026122,0.48224282216893616,1.5444942716197316,-0.654102892691588,-0.6168273777307562,0.4550190359214333,-0.4822428221714778,0.5624409918213908,0.35729480050524826,-0.24494897427831738,-0.1980295085953347,,,,,,,,,,,,,,,,,,,,,,,,,,,,,,,,,,,,,,,,,,,,,,,,,,,,,,,,,,,,,,,,,0
1356204282,0.3870636299529302,0.4822428221696784,-0.8679331454127506,-0.1980092425411878,0.7103299959374041,0.0,0.0,-0.3900947488027456,1.0,0.8248774138386271,0.0,0.0,-0.43190588435220406,0.3601165522050052,-0.6726934484593291,-0.4822428221704206,0.0024111405161172644,-0.841250339880368,-0.4822428221703465,-1.016266371891044,0.0,-0.48224282217041214,0.0,0.18146654657782452,-0.48224282217041237,0.0,0.0,-1.0127450905799278,-1.04942187209052,-0.7311537601838952,-0.4822428221704639,-0.31044320539124887,-0.8458544786996814,-1.097053949204249,-0.34544010157718946,-0.5779207659293812,-0.4822428221704243,0.16620012614679527,0.3542363519285827,-0.39009474880365774,1.0,0.13867504905678008,0.3565326153077678,-0.8365755388887568,-0.4822428221704333,0.20206427898508308,-0.8900719481405444,-1.0559545766571616,-0.5663917100105552,-0.4822428221704492,-0.07607576131213087,-0.6871842709366432,-0.48224282217080444,0.9421630606622611,-0.9036735912773914,-0.9036735912773914,0.0,0.0,0.0,0.0,0.0,-0.24494897427831738,0.0,0.0,0.0,0.0,0.0,0.0,0.0,0.0,0.0,0.0,0.0,0.0,0.0,0.0,0.0,0.0,0.0,0.0,0.0,0.0,0.0,0.0,0.0,0.0,0.0,0.0,0.9167166698874311,-0.3323028580605051,0.3900947488026122,0.48224282216893616,0.10838556292073842,-0.654102892691588,-0.7583505423183327,0.4550190359214333,-0.4822428221714778,1.9174124721184096,0.35729480050524826,-0.24494897427831738,-0.1980295085953347,,,,,,,,,,,,,,,,,,,,,,,,,,,,,,,,,,,,,,,,,,,,,,,,,,,,,,,,,,,,,,,,,0
1356485657,0.3870636299529302,0.4822428221696784,-0.7899772803537887,-0.1980092425411878,0.4286779526604783,0.0,0.0,-0.3900947488027456,1.0,0.8248774138386271,0.0,0.0,-0.48296390339458356,0.3062007972138604,-0.6726934484593291,-0.4822428221704206,-0.18927453051513987,-0.841250339880368,-0.4822428221703465,-0.03722484920449423,0.0,-0.48224282217041214,0.0,0.18146654657782452,-0.48224282217041237,0.0,0.0,-0.8306502478769893,-0.8018327981763653,-0.7311537601838952,-0.4822428221704639,-0.8050892620826781,-0.7817440477180582,-0.8828171794628149,-0.4812895479166207,-0.5779207659293812,-0.4822428221704243,-0.19400312122711502,0.3641594632669626,-0.39009474880365774,1.0,0.13867504905678008,0.3202479860135916,-0.8365755388887568,-0.4822428221704333,-0.13791688883100983,-0.707504607608267,-0.7957581041113725,-0.5663917100105552,-0.4822428221704492,0.07405246978787135,-0.6871842709366432,-0.48224282217080444,-0.44491033420181564,-0.8238601759111338,-0.8238601759111338,0.0,0.0,0.0,0.0,0.0,-0.24494897427831738,0.0,0.0,0.0,0.0,0.0,0.0,0.0,0.0,0.0,0.0,0.0,0.0,0.0,0.0,0.0,0.0,0.0,0.0,0.0,0.0,0.0,0.0,0.0,0.0,0.0,0.0,0.7525748337251537,-0.3323028580605051,0.3900947488026122,0.48224282216893616,0.10838556292073842,-0.7922202365667044,-0.7583505423183327,0.4550190359214333,-0.4822428221714778,0.5624409918213908,0.35729480050524826,-0.24494897427831738,-0.1980295085953347,,,,,,,,,,,,,,,,,,,,,,,,,,,,,,,,,,,,,,,,,,,,,,,,,,,,,,,,,,,,,,,,,0
1356655575,0.3870636299529302,0.4822428221696784,-0.7574956699125546,-0.1980092425411878,0.4286779526604783,0.0,0.0,-0.3900947488027456,1.0,1.6656178548664593,0.0,0.0,-0.4999832430753767,0.29541764621563144,-0.6726934484593291,-0.4822428221704206,-0.12537930683805415,-0.841250339880368,-0.4822428221703465,0.348458174884152,0.0,-0.48224282217041214,0.0,0.18146654657782452,-0.48224282217041237,0.0,0.0,-0.9004532709131156,-0.8662737900170356,-0.7311537601838952,-0.4822428221704639,-1.013361285952752,-0.7321653144256027,-1.1345453839089998,-1.0769371203279727,-0.5779207659293812,-0.4822428221704243,-0.39047761979470297,0.3079284990161432,-0.39009474880365774,1.0,0.13867504905678008,0.3202479860135916,-0.8365755388887568,-0.4822428221704333,-0.30790747273904423,-0.8741965272246941,-0.9025053748993884,-0.5663917100105552,-0.4822428221704492,0.15984003041644665,-0.6871842709366432,-0.48224282217080444,0.9421630606622611,-0.7906045861751931,-0.7906045861751931,0.0,0.0,0.0,0.0,0.0,-0.24494897427831738,0.0,0.0,0.0,0.0,0.0,0.0,0.0,0.0,0.0,0.0,0.0,0.0,0.0,0.0,0.0,0.0,0.0,0.0,0.0,0.0,0.0,0.0,0.0,0.0,0.0,0.0,0.21911386619775602,-0.3526166429246424,0.3900947488026122,0.48224282216893616,1.5444942716197316,-0.7922202365667044,-0.7583505423183327,0.4550190359214333,-0.4822428221714778,0.5624409918213908,0.35729480050524826,-0.24494897427831738,-0.1980295085953347,,,,,,,,,,,,,,,,,,,,,,,,,,,,,,,,,,,,,,,,,,,,,,,,,,,,,,,,,,,,,,,,,0
1356865855,0.3870636299529302,0.4822428221696784,-0.6925324490300863,-0.1980092425411878,0.053141894957910635,0.0,0.0,-0.3900947488027456,1.0,-0.01586302718919776,0.0,0.0,0.368003080645075,0.3708997032032342,-0.6726934484593291,-0.4822428221704206,0.0024111405161172644,-0.841250339880368,-0.4822428221703465,0.49679779953363,0.0,-0.48224282217041214,0.0,0.18146654657782452,-0.48224282217041237,0.0,0.0,1.0024378353325918,0.9550321372692797,-0.7311537601838952,-0.4822428221704639,-0.4145792173262878,-0.6757481351617742,0.4882981468823629,0.29200730047706425,-0.5779207659293812,-0.4822428221704243,-0.0793929970626891,0.3740825746053429,-0.39009474880365774,1.0,0.13867504905678008,0.3565326153077678,-0.8365755388887568,-0.4822428221704333,-0.13791688883100983,0.415681422188134,0.8621604453150027,-0.5663917100105552,-0.4822428221704492,-0.8052700266550118,-0.6871842709366432,-0.48224282217080444,0.9421630606622611,-0.7240934067033118,-0.7240934067033118,0.0,0.0,0.0,0.0,0.0,-0.24494897427831738,0.0,0.0,0.0,0.0,0.0,0.0,0.0,0.0,0.0,0.0,0.0,0.0,0.0,0.0,0.0,0.0,0.0,0.0,0.0,0.0,0.0,0.0,0.0,0.0,0.0,0.0,-0.5195243965324887,-0.3526166429246424,0.3900947488026122,0.48224282216893616,0.10838556292073842,-0.7922202365667044,-0.7583505423183327,0.4550190359214333,-0.4822428221714778,0.5624409918213908,0.35729480050524826,-0.24494897427831738,-0.1980295085953347,,,,,,,,,,,,,,,,,,,,,,,,,,,,,,,,,,,,,,,,,,,,,,,,,,,,,,,,,,,,,,,,,0
1356978342,0.3870636299529302,0.4822428221696784,-0.660050838588852,-0.1980092425411878,0.2409099238091945,0.0,0.0,-0.3900947488027456,1.0,-0.85660346821703,0.0,0.0,-0.48296390339458356,0.3062007972138604,-0.6726934484593291,-0.4822428221704206,-0.06148408316096845,-0.841250339880368,-0.4822428221703465,0.2668713813269374,0.0,-0.48224282217041214,0.0,0.18146654657782452,-0.48224282217041237,0.0,0.0,-0.3420290866241042,-0.30326301919854715,-0.7311537601838952,-0.4822428221704639,-0.9092252740177132,-0.6466847397834383,-0.3150897396480147,-0.39768988863081683,-0.5779207659293812,-0.4822428221704243,-0.046647247301424624,0.3641594632669626,-0.39009474880365774,1.0,0.13867504905678008,0.3323428624449837,-0.8365755388887568,-0.4822428221704333,0.03207369507702454,-0.5487503984497651,-0.302051976716798,-0.5663917100105552,-0.4822428221704492,0.3957558221450242,-0.6871842709366432,-0.48224282217080444,0.9421630606622611,-0.6908378169673711,-0.6908378169673711,0.0,0.0,0.0,0.0,0.0,-0.24494897427831738,0.0,0.0,0.0,0.0,0.0,0.0,0.0,0.0,0.0,0.0,0.0,0.0,0.0,0.0,0.0,0.0,0.0,0.0,0.0,0.0,0.0,0.0,0.0,0.0,0.0,0.0,-2.5507796190406613,-0.3323028580605051,0.3900947488026122,0.48224282216893616,1.5444942716197316,-0.7922202365667044,-0.6168273777307562,0.4550190359214333,-0.4822428221714778,0.5624409918213908,0.35729480050524826,-0.24494897427831738,-0.1980295085953347,,,,,,,,,,,,,,,,,,,,,,,,,,,,,,,,,,,,,,,,,,,,,,,,,,,,,,,,,,,,,,,,,0
1357609723,0.3870636299529302,0.4822428221696784,-0.5236280747356687,-0.1980092425411878,0.4286779526604783,0.0,0.0,-0.3900947488027456,1.0,-0.01586302718919776,0.0,0.0,-0.48296390339458356,0.3601165522050052,-0.6726934484593291,-0.4822428221704206,0.1940968115473744,-0.841250339880368,-0.4822428221703465,0.10369779421251664,0.0,-0.48224282217041214,0.0,0.18146654657782452,-0.48224282217041237,0.0,0.0,-0.8458248181022341,-0.8187909539239102,-0.7311537601838952,-0.4822428221704639,-0.9092252740177132,-0.5043595830042346,-0.9042408564369583,-0.6902886961311302,-0.5779207659293812,-0.4822428221704243,0.018844252221104304,0.3773902783848027,-0.39009474880365774,1.0,0.13867504905678008,0.34040611339924526,-0.8365755388887568,-0.4822428221704333,0.20206427898508308,-0.7471931598978926,-0.8424600350811294,-0.5663917100105552,-0.4822428221704492,0.24562759104502196,-0.6871842709366432,-0.48224282217080444,-0.44491033420181564,-0.5511643400764203,-0.5511643400764203,0.0,0.0,0.0,0.0,0.0,-0.24494897427831738,0.0,0.0,0.0,0.0,0.0,0.0,0.0,0.0,0.0,0.0,0.0,0.0,0.0,0.0,0.0,0.0,0.0,0.0,0.0,0.0,0.0,0.0,0.0,0.0,0.0,0.0,0.05497203003547862,-0.3119890731963684,0.3900947488026122,0.48224282216893616,1.5444942716197316,-0.7922202365667044,-0.6168273777307562,0.4550190359214333,-0.4822428221714778,-0.7925304884756279,0.35729480050524826,-0.24494897427831738,-0.1980295085953347,,,,,,,,,,,,,,,,,,,,,,,,,,,,,,,,,,,,,,,,,,,,,,,,,,,,,,,,,,,,,,,,,0
1357785765,0.3870636299529302,0.4822428221696784,-0.48465014220618774,-0.1980092425411878,0.2409099238091945,0.0,0.0,-0.3900947488027456,1.0,0.8248774138386271,0.0,0.0,-0.09151909073634065,0.3331586747094328,-0.6726934484593291,-0.4822428221704206,-0.12537930683805415,-0.841250339880368,-0.4822428221703465,-0.6083324041049796,0.0,-0.48224282217041214,0.0,0.18146654657782452,-0.48224282217041237,0.0,0.0,0.5927244392509802,0.6056941288698562,-0.7311537601838952,-0.4822428221704639,-0.23234119643997153,-0.45520825258499,0.9542631210699819,0.7831552987811619,-0.5779207659293812,-0.4822428221704243,-0.030274372420792103,0.35092864814912295,-0.39009474880365774,1.0,0.13867504905678008,0.3565326153077678,-0.8365755388887568,-0.4822428221704333,0.03207369507702454,0.8363800764581641,0.6686810170117233,-0.5663917100105552,-0.4822428221704492,-0.011735090840700908,-0.6871842709366432,-0.48224282217080444,-0.44491033420181564,-0.5112576323932916,-0.5112576323932916,0.0,0.0,0.0,0.0,0.0,-0.24494897427831738,0.0,0.0,0.0,0.0,0.0,0.0,0.0,0.0,0.0,0.0,0.0,0.0,0.0,0.0,0.0,0.0,0.0,0.0,0.0,0.0,0.0,0.0,0.0,0.0,0.0,0.0,0.8551634813265765,-0.37293042778877905,0.3900947488026122,0.48224282216893616,0.10838556292073842,1.417657265435157,1.5060200910828878,0.4550190359214333,-0.4822428221714778,0.5624409918213908,0.35729480050524826,-0.24494897427831738,-0.1980295085953347,,,,,,,,,,,,,,,,,,,,,,,,,,,,,,,,,,,,,,,,,,,,,,,,,,,,,,,,,,,,,,,,,0
1358641021,0.3870636299529302,0.4822428221696784,-0.3092494458235234,-0.1980092425411878,0.3347939382348364,0.0,0.0,-0.3900947488027456,1.0,0.8248774138386271,0.0,0.0,-0.4659445637137904,0.2738513442191735,-0.6726934484593291,-0.4822428221704206,-0.38096020154639704,-0.841250339880368,-0.4822428221703465,0.45229591213878495,0.0,-0.48224282217041214,0.0,0.18146654657782452,-0.48224282217041237,0.0,0.0,-0.5150191871918958,-0.4999776258700672,-0.7311537601838952,-0.4822428221704639,-0.23234119643997153,-0.2684331969918608,-0.7114277636696676,-0.8261381424705615,-0.5779207659293812,-0.4822428221704243,-0.5869521183622903,0.3244670179134431,-0.39009474880365774,1.0,0.13867504905678008,0.3242796114907221,-0.8365755388887568,-0.4822428221704333,-0.4778980566471028,-0.6003455164262783,-0.4655087351109476,-0.5663917100105552,-0.4822428221704492,-0.9553982577550171,-0.6871842709366432,-0.48224282217080444,0.9421630606622611,-0.33167744781921205,-0.33167744781921205,0.0,0.0,0.0,0.0,0.0,-0.24494897427831738,0.0,0.0,0.0,0.0,0.0,0.0,0.0,0.0,0.0,0.0,0.0,0.0,0.0,0.0,0.0,0.0,0.0,0.0,0.0,0.0,0.0,0.0,0.0,0.0,0.0,0.0,0.8551634813265765,-0.3323028580605051,0.3900947488026122,0.48224282216893616,1.5444942716197316,-0.654102892691588,-0.7583505423183327,0.4550190359214333,-0.4822428221714778,0.5624409918213908,0.35729480050524826,-0.24494897427831738,-0.1980295085953347,,,,,,,,,,,,,,,,,,,,,,,,,,,,,,,,,,,,,,,,,,,,,,,,,,,,,,,,,,,,,,,,,0
1359302883,0.3870636299529302,0.4822428221696784,-0.17932300405858684,-0.1980092425411878,0.7103299959374041,0.0,0.0,-0.3900947488027456,1.0,1.6656178548664593,0.0,0.0,-0.6020992811601358,0.34933340120677625,-0.6726934484593291,-0.4822428221704206,0.06630636419320297,-0.841250339880368,-0.4822428221703465,1.193994035386175,0.0,-0.48224282217041214,0.0,0.18146654657782452,-0.48224282217041237,0.0,0.0,-0.9156278411383605,-0.8798403146150716,-0.7311537601838952,-0.4822428221704639,2.006583060163331,-0.12568063733944632,-0.8131902292968488,-0.3245401867557386,-0.5779207659293812,-0.4822428221704243,-0.06302012218205714,0.3641594632669626,-0.39009474880365774,1.0,0.13867504905678008,0.3484693643535063,-0.8365755388887568,-0.4822428221704333,0.03207369507702454,-0.8900719481405444,-0.965886566929773,-0.5663917100105552,-0.4822428221704492,-0.8052700266550118,-0.6871842709366432,-0.48224282217080444,0.9421630606622611,-0.1986550888754494,-0.1986550888754494,0.0,0.0,0.0,0.0,0.0,-0.24494897427831738,0.0,0.0,0.0,0.0,0.0,0.0,0.0,0.0,0.0,0.0,0.0,0.0,0.0,0.0,0.0,0.0,0.0,0.0,0.0,0.0,0.0,0.0,0.0,0.0,0.0,0.0,0.9167166698874311,-0.3323028580605051,0.3900947488026122,0.48224282216893616,1.5444942716197316,-0.654102892691588,-0.6168273777307562,0.4550190359214333,-0.4822428221714778,0.5624409918213908,-2.7988092706244454,-0.24494897427831738,-0.1980295085953347,,,,,,,,,,,,,,,,,,,,,,,,,,,,,,,,,,,,,,,,,,,,,,,,,,,,,,,,,,,,,,,,,0
1359599153,0.3870636299529302,0.4822428221696784,-0.11435978317611854,-0.1980092425411878,0.5225619670861202,0.0,0.0,-0.3900947488027456,1.0,-0.01586302718919776,0.0,0.0,-0.4148865446714109,0.2900260707165169,-0.6726934484593291,-0.4822428221704206,-0.5087506489005684,-0.841250339880368,-0.4822428221703465,0.8083110112975372,0.0,-0.48224282217041214,0.0,0.18146654657782452,-0.48224282217041237,0.0,0.0,-0.860999388327479,-0.8493156342694909,-0.7311537601838952,-0.4822428221704639,-0.23234119643997153,-0.06755384658277441,-0.9578000488723167,-0.3558900589879151,-0.5779207659293812,-0.4822428221704243,-0.42322336955596745,0.36746716704642285,-0.39009474880365774,1.0,0.13867504905678008,0.3202479860135916,-0.8365755388887568,-0.4822428221704333,-0.4778980566471028,-0.7471931598978926,-0.8724827049902589,-0.5663917100105552,-0.4822428221704492,-0.8696106971264418,-0.6871842709366432,-0.48224282217080444,0.9421630606622611,-0.13214390940356807,-0.13214390940356807,0.0,0.0,0.0,0.0,0.0,-0.24494897427831738,0.0,0.0,0.0,0.0,0.0,0.0,0.0,0.0,0.0,0.0,0.0,0.0,0.0,0.0,0.0,0.0,0.0,0.0,0.0,0.0,0.0,0.0,0.0,0.0,0.0,0.0,-0.15020526516736707,-0.3323028580605051,0.3900947488026122,0.48224282216893616,0.10838556292073842,-0.654102892691588,-0.6168273777307562,0.4550190359214333,-0.4822428221714778,-0.7925304884756279,0.35729480050524826,-0.24494897427831738,-0.1980295085953347,,,,,,,,,,,,,,,,,,,,,,,,,,,,,,,,,,,,,,,,,,,,,,,,,,,,,,,,,,,,,,,,,0
1360112456,0.3870636299529302,0.4822428221696784,-0.003922307675922474,-0.1980092425411878,0.14702590938355256,0.0,0.0,-0.3900947488027456,1.0,0.8248774138386271,0.0,0.0,0.21482902351793642,0.29541764621563144,-0.6726934484593291,-0.4822428221704206,-0.44485542522348276,-0.841250339880368,-0.4822428221703465,2.380711032581999,0.0,-0.48224282217041214,0.0,0.18146654657782452,-0.48224282217041237,0.0,0.0,0.5927244392509802,0.5514280304777126,-0.7311537601838952,-0.4822428221704639,-0.8050892620826781,0.029466605636082388,0.07053644588656653,-0.2618404422913858,-0.5779207659293812,-0.4822428221704243,-0.6196978681235548,0.32115931413398285,-0.39009474880365774,1.0,0.13867504905678008,0.3323428624449837,-0.8365755388887568,-0.4822428221704333,-0.4778980566471028,0.03467132020772946,0.4451789187993147,-0.5663917100105552,-0.4822428221704492,-0.24765088256928147,-0.6871842709366432,-0.48224282217080444,0.9421630606622611,-0.019074904301369815,-0.019074904301369815,0.0,0.0,0.0,0.0,0.0,-0.24494897427831738,0.0,0.0,0.0,0.0,0.0,0.0,0.0,0.0,0.0,0.0,0.0,0.0,0.0,0.0,0.0,0.0,0.0,0.0,0.0,0.0,0.0,0.0,0.0,0.0,0.0,0.0,-0.41693574893106583,-0.37293042778877905,0.3900947488026122,0.48224282216893616,0.10838556292073842,-0.7922202365667044,-0.7583505423183327,0.4550190359214333,-0.4822428221714778,0.5624409918213908,0.35729480050524826,-0.24494897427831738,-0.1980295085953347,,,,,,,,,,,,,,,,,,,,,,,,,,,,,,,,,,,,,,,,,,,,,,,,,,,,,,,,,,,,,,,,,0
1360623269,0.3870636299529302,0.4822428221696784,0.09352252364777995,-0.1980092425411878,0.2409099238091945,0.0,0.0,-0.3900947488027456,1.0,-0.01586302718919776,0.0,0.0,-0.43190588435220406,0.10671250374662458,-0.6726934484593291,-0.4822428221704206,-2.553397806567311,-0.841250339880368,-0.4822428221703465,0.5116317619985812,0.0,-0.48224282217041214,0.0,0.18146654657782452,-0.48224282217041237,0.0,0.0,-0.8185105916967934,-0.8018327981763653,-0.7311537601838952,-0.4822428221704639,1.72020902734198,0.13546251819236607,-0.7864106330791696,-1.5367352463998936,-0.5779207659293812,-0.4822428221704243,-2.6990529779638557,0.36746716704642285,-0.39009474880365774,1.0,0.13867504905678008,0.2678368548108917,-0.8365755388887568,-0.4822428221704333,-2.6877756474516707,-0.5646258193656153,-0.825780774020502,-0.5663917100105552,-0.4822428221704492,-2.327999227812201,-0.6871842709366432,-0.48224282217080444,-0.44491033420181564,0.08069186490645217,0.08069186490645217,0.0,0.0,0.0,0.0,0.0,-0.24494897427831738,0.0,0.0,0.0,0.0,0.0,0.0,0.0,0.0,0.0,0.0,0.0,0.0,0.0,0.0,0.0,0.0,0.0,0.0,0.0,0.0,0.0,0.0,0.0,0.0,0.0,0.0,-0.41693574893106583,-0.3323028580605051,0.3900947488026122,0.48224282216893616,0.10838556292073842,-0.7922202365667044,-0.7583505423183327,0.4550190359214333,-0.4822428221714778,0.5624409918213908,0.35729480050524826,-0.24494897427831738,-0.1980295085953347,,,,,,,,,,,,,,,,,,,,,,,,,,,,,,,,,,,,,,,,,,,,,,,,,,,,,,,,,,,,,,,,,0
1360814648,0.3870636299529302,0.4822428221696784,0.1260041340890141,-0.1980092425411878,0.6164459815117622,0.0,0.0,-0.3900947488027456,1.0,-0.01586302718919776,0.0,0.0,-0.4659445637137904,0.3062007972138604,-0.6726934484593291,-0.4822428221704206,-0.5726458725776542,-0.841250339880368,-0.4822428221703465,0.8676468611573251,0.0,-0.48224282217041214,0.0,0.6394535450837624,-0.48224282217041237,0.0,0.0,-0.9004532709131156,-0.8798403146150716,-0.7311537601838952,-0.4822428221704639,1.4338349945206286,0.16623552506354544,-0.9149526949240299,-0.39768988863081683,-0.5779207659293812,-0.4822428221704243,-0.47234199419786443,0.3608517594875028,-0.39009474880365774,1.0,0.13867504905678008,0.34443773887637574,-0.8365755388887568,-0.4822428221704333,-0.30790747273904423,-0.7471931598978926,-0.932528044808518,-0.5663917100105552,-0.4822428221704492,-1.4486767313693174,-0.6871842709366432,-0.48224282217080444,0.9421630606622611,0.11394745464239282,0.11394745464239282,0.0,0.0,0.0,0.0,0.0,-0.24494897427831738,0.0,0.0,0.0,0.0,0.0,0.0,0.0,0.0,0.0,0.0,0.0,0.0,0.0,0.0,0.0,0.0,0.0,0.0,0.0,0.0,0.0,0.0,0.0,0.0,0.0,0.0,0.8961989403671462,-0.3323028580605051,0.3900947488026122,0.48224282216893616,0.10838556292073842,-0.654102892691588,-0.7583505423183327,0.4550190359214333,-0.4822428221714778,0.5624409918213908,0.35729480050524826,-0.24494897427831738,-0.1980295085953347,,,,,,,,,,,,,,,,,,,,,,,,,,,,,,,,,,,,,,,,,,,,,,,,,,,,,,,,,,,,,,,,,0
1361243323,0.3870636299529302,0.4822428221696784,0.20395999914797602,-0.1980092425411878,0.2409099238091945,0.0,0.0,-0.3900947488027456,1.0,-0.01586302718919776,0.0,0.0,0.09569364575238423,0.31159237271297485,-0.6726934484593291,-0.4822428221704206,0.06630636419320297,-0.841250339880368,-0.4822428221703465,2.0914487645155186,0.0,-0.48224282217041214,0.0,0.6394535450837624,-0.48224282217041237,0.0,0.0,0.7323304853232331,0.6904849076075804,-0.7311537601838952,-0.4822428221704639,-0.8050892620826781,0.2931741784071593,0.15087523453960427,0.14570789672690776,-0.5779207659293812,-0.4822428221704243,0.2316916256693242,0.3608517594875028,-0.39009474880365774,1.0,0.13867504905678008,0.3323428624449837,-0.8365755388887568,-0.4822428221704333,0.20206427898508308,0.10611071432905528,0.5552620417994563,-0.5663917100105552,-0.4822428221704492,1.1035031973307627,-0.6871842709366432,-0.48224282217080444,2.329236455526313,0.19376087000865042,0.19376087000865042,0.0,0.0,0.0,0.0,0.0,-0.24494897427831738,0.0,0.0,0.0,0.0,0.0,0.0,0.0,0.0,0.0,0.0,0.0,0.0,0.0,0.0,0.0,0.0,0.0,0.0,0.0,0.0,0.0,0.0,0.0,0.0,0.0,0.0,-1.1555740116613107,-0.37293042778877905,0.3900947488026122,0.48224282216893616,-1.3277231457783059,-0.9303375804418209,-0.7583505423183327,0.4550190359214333,-0.4822428221714778,0.5624409918213908,0.35729480050524826,-0.24494897427831738,-0.1980295085953347,,,,,,,,,,,,,,,,,,,,,,,,,,,,,,,,,,,,,,,,,,,,,,,,,,,,,,,,,,,,,,,,,0
1361396646,0.3870636299529302,0.4822428221696784,0.23644160958921015,-0.1980092425411878,0.2409099238091945,0.0,0.0,-0.3900947488027456,1.0,-2.5380843502726798,0.0,0.0,-0.7722926779680674,0.031230446759021847,-0.6726934484593291,-0.4822428221704206,-4.789730635265311,-0.841250339880368,-0.4822428221703465,0.4745468558362117,0.0,-0.48224282217041214,0.0,0.18146654657782452,-0.48224282217041237,0.0,0.0,-1.1250369102467397,-1.2223950607154772,-0.7311537601838952,-0.4822428221704639,1.8243450392770189,0.31967315654623046,-1.19881641483143,-2.9370295394371073,-0.5779207659293812,-0.4822428221704243,-4.680170838520363,-1.7891556971614873,-0.39009474880365774,1.0,0.13867504905678008,-0.8650499042628428,-0.8365755388887568,-0.4822428221704333,-4.897653238256238,-1.183767235083773,-1.1493584385966757,-0.5663917100105552,-0.4822428221704492,-3.550471966769382,-0.6871842709366432,-0.48224282217080444,-3.21905712392992,0.2270164597445911,0.2270164597445911,0.0,0.0,0.0,0.0,0.0,-0.24494897427831738,0.0,0.0,0.0,0.0,0.0,0.0,0.0,0.0,0.0,0.0,0.0,0.0,0.0,0.0,0.0,0.0,0.0,0.0,0.0,0.0,0.0,0.0,0.0,0.0,0.0,0.0,-0.10916980612679733,3.202295708299345,0.3900947488026122,0.48224282216893616,1.5444942716197316,1.417657265435157,1.5060200910828878,0.4550190359214333,-0.4822428221714778,-0.7925304884756279,-2.7988092706244454,-0.24494897427831738,-0.1980295085953347,,,,,,,,,,,,,,,,,,,,,,,,,,,,,,,,,,,,,,,,,,,,,,,,,,,,,,,,,,,,,,,,,0
1361593023,0.3870636299529302,0.4822428221696784,0.2689232200304443,-0.1980092425411878,0.5225619670861202,0.0,0.0,-0.3900947488027456,1.0,0.8248774138386271,0.0,0.0,-0.4659445637137904,0.2468934667236011,-0.6726934484593291,-0.4822428221704206,-0.6365410962547399,-0.841250339880368,-0.4822428221703465,0.9789015796444336,0.0,-0.48224282217041214,0.0,0.18146654657782452,-0.48224282217041237,0.0,0.0,-0.8185105916967934,-0.8187909539239102,-0.7311537601838952,-0.4822428221704639,2.006583060163331,0.3453173289388798,-0.7703428753485619,-0.6798387387204048,-0.5779207659293812,-0.4822428221704243,-0.7179351174073488,0.36746716704642285,-0.39009474880365774,1.0,0.13867504905678008,0.308153109582199,-0.8365755388887568,-0.4822428221704333,-0.6478886405551372,-0.6717849105476043,-0.8424600350811294,-0.5663917100105552,-0.4822428221704492,-0.6336949053978642,-0.6871842709366432,-0.48224282217080444,0.9421630606622611,0.26027204948053173,0.26027204948053173,0.0,0.0,0.0,0.0,0.0,-0.24494897427831738,0.0,0.0,0.0,0.0,0.0,0.0,0.0,0.0,0.0,0.0,0.0,0.0,0.0,0.0,0.0,0.0,0.0,0.0,0.0,0.0,0.0,0.0,0.0,0.0,0.0,0.0,0.9167166698874311,-0.3323028580605051,0.3900947488026122,0.48224282216893616,0.10838556292073842,-0.7922202365667044,-0.7583505423183327,0.4550190359214333,-0.4822428221714778,0.5624409918213908,-2.7988092706244454,-0.24494897427831738,-0.1980295085953347,,,,,,,,,,,,,,,,,,,,,,,,,,,,,,,,,,,,,,,,,,,,,,,,,,,,,,,,,,,,,,,,,0
1361755715,0.3870636299529302,0.4822428221696784,0.30140483047167843,-0.1980092425411878,0.4286779526604783,0.0,0.0,-0.3900947488027456,1.0,-0.01586302718919776,0.0,0.0,-0.48296390339458356,0.3385502502085473,-0.6726934484593291,-0.4822428221704206,0.0024111405161172644,-0.841250339880368,-0.4822428221703465,0.3632921373491032,0.0,-0.48224282217041214,0.0,0.18146654657782452,-0.48224282217041237,0.0,0.0,-0.8185105916967934,-0.7713081178307846,-0.7311537601838952,-0.4822428221704639,-0.9092252740177132,0.388057616259962,-1.0060033220641393,-0.4394897182737188,-0.5779207659293812,-0.4822428221704243,-0.1448844965852186,0.3773902783848027,-0.39009474880365774,1.0,0.13867504905678008,0.34443773887637574,-0.8365755388887568,-0.4822428221704333,0.03207369507702454,-0.7829128569585555,-0.7657354342022429,-0.5663917100105552,-0.4822428221704492,0.15984003041644665,-0.6871842709366432,-0.48224282217080444,0.9421630606622611,0.2935276392164724,0.2935276392164724,0.0,0.0,0.0,0.0,0.0,-0.24494897427831738,0.0,0.0,0.0,0.0,0.0,0.0,0.0,0.0,0.0,0.0,0.0,0.0,0.0,0.0,0.0,0.0,0.0,0.0,0.0,0.0,0.0,0.0,0.0,0.0,0.0,0.0,-0.29382937180935814,-0.3119890731963684,0.3900947488026122,0.48224282216893616,0.10838556292073842,-0.7922202365667044,-0.7583505423183327,0.4550190359214333,-0.4822428221714778,0.5624409918213908,0.35729480050524826,-0.24494897427831738,-0.1980295085953347,,,,,,,,,,,,,,,,,,,,,,,,,,,,,,,,,,,,,,,,,,,,,,,,,,,,,,,,,,,,,,,,,0
1362340012,0.3870636299529302,0.4822428221696784,0.4118423059718745,-0.1980092425411878,0.2409099238091945,0.0,0.0,-0.3900947488027456,1.0,-0.01586302718919776,0.0,0.0,-0.34680918594823823,0.3601165522050052,-0.6726934484593291,-0.4822428221704206,0.38578248257863157,-0.841250339880368,-0.4822428221703465,0.9789015796444336,0.0,-0.48224282217041214,0.0,0.6394535450837624,-0.48224282217041237,0.0,0.0,-0.0870963068399903,-0.06924046988242837,-0.7311537601838952,-0.4822428221704639,1.6160730154069411,0.48977950008413745,-0.2829542241867996,-0.2618404422913858,-0.5779207659293812,-0.4822428221704243,0.3299288749531182,0.3079284990161432,-0.39009474880365774,1.0,0.13867504905678008,0.34443773887637574,-0.8365755388887568,-0.4822428221704333,0.20206427898508308,-0.3860273340623007,-0.08522158292864022,-0.5663917100105552,-0.4822428221704492,-0.6336949053978642,-0.6871842709366432,-0.48224282217080444,0.9421630606622611,0.40659664431867065,0.40659664431867065,0.0,0.0,0.0,0.0,0.0,-0.24494897427831738,0.0,0.0,0.0,0.0,0.0,0.0,0.0,0.0,0.0,0.0,0.0,0.0,0.0,0.0,0.0,0.0,0.0,0.0,0.0,0.0,0.0,0.0,0.0,0.0,0.0,0.0,0.46532662044116996,-0.3323028580605051,0.3900947488026122,0.48224282216893616,0.10838556292073842,-0.7922202365667044,-0.8998737069059091,0.4550190359214333,-0.4822428221714778,0.5624409918213908,0.35729480050524826,-0.24494897427831738,-0.1980295085953347,,,,,,,,,,,,,,,,,,,,,,,,,,,,,,,,,,,,,,,,,,,,,,,,,,,,,,,,,,,,,,,,,0
1362593635,0.3870636299529302,0.4822428221696784,0.46381288267784915,-0.1980092425411878,-3.5144506532164823,0.0,0.0,-0.3900947488027456,1.0,-0.85660346821703,0.0,0.0,4.231393188185124,0.424815458194379,-0.6726934484593291,-0.4822428221704206,0.7052586009640601,-0.841250339880368,-0.4822428221703465,-0.5119116480828222,0.0,-0.48224282217041214,0.0,0.18146654657782452,-0.48224282217041237,0.0,0.0,1.9584357595230188,2.16923608879349,-0.7311537601838952,-0.4822428221704639,-0.23234119643997153,0.5269635500534792,1.5327023993718538,1.514652317531945,-0.5779207659293812,-0.4822428221704243,0.9357252455365128,0.30462079523668295,-0.39009474880365774,1.0,0.13867504905678008,0.3605642407848989,-0.8365755388887568,-0.4822428221704333,0.7120360307092104,3.1224406883405917,2.480048768195872,-0.5663917100105552,-0.4822428221704492,1.4895472201593456,-0.6871842709366432,-0.48224282217080444,0.9421630606622611,0.4598055878961757,0.4598055878961757,0.0,0.0,0.0,0.0,0.0,-0.24494897427831738,0.0,0.0,0.0,0.0,0.0,0.0,0.0,0.0,0.0,0.0,0.0,0.0,0.0,0.0,0.0,0.0,0.0,0.0,0.0,0.0,0.0,0.0,0.0,0.0,0.0,0.0,0.8551634813265765,-0.41355799751705374,0.3900947488026122,0.48224282216893616,-2.7638318544773504,1.417657265435157,1.3644969264953122,0.4550190359214333,-0.4822428221714778,0.5624409918213908,0.35729480050524826,-0.24494897427831738,-0.1980295085953347,,,,,,,,,,,,,,,,,,,,,,,,,,,,,,,,,,,,,,,,,,,,,,,,,,,,,,,,,,,,,,,,,0
1362878274,0.3870636299529302,0.4822428221696784,0.5287761035603175,-0.1980092425411878,0.3347939382348364,0.0,0.0,-0.3900947488027456,1.0,-0.01586302718919776,0.0,0.0,-0.51700258275617,0.31159237271297485,-0.6726934484593291,-0.4822428221704206,-0.5726458725776542,-0.841250339880368,-0.4822428221703465,1.1124072418289606,0.0,-0.48224282217041214,0.0,0.18146654657782452,-0.48224282217041237,0.0,0.0,-0.7213933422552261,-0.6797340767940425,-0.7311537601838952,-0.4822428221704639,-0.9092252740177132,0.5855177436833615,-0.8239020677839205,-0.57533916461315,-0.5779207659293812,-0.4822428221704243,-0.7670537420492451,0.3740825746053429,-0.39009474880365774,1.0,0.13867504905678008,0.34443773887637574,-0.8365755388887568,-0.4822428221704333,-0.6478886405551372,-0.6717849105476043,-0.6623240156263523,-0.5663917100105552,-0.4822428221704492,-0.6336949053978642,-0.6871842709366432,-0.48224282217080444,-0.44491033420181564,0.526316767368057,0.526316767368057,0.0,0.0,0.0,0.0,0.0,-0.24494897427831738,0.0,0.0,0.0,0.0,0.0,0.0,0.0,0.0,0.0,0.0,0.0,0.0,0.0,0.0,0.0,0.0,0.0,0.0,0.0,0.0,0.0,0.0,0.0,0.0,0.0,0.0,-0.5810775850933433,-0.3323028580605051,0.3900947488026122,0.48224282216893616,0.10838556292073842,-0.654102892691588,-0.6168273777307562,0.4550190359214333,-0.4822428221714778,0.5624409918213908,0.35729480050524826,-0.24494897427831738,-0.1980295085953347,,,,,,,,,,,,,,,,,,,,,,,,,,,,,,,,,,,,,,,,,,,,,,,,,,,,,,,,,,,,,,,,,0
1363119031,0.3870636299529302,0.4822428221696784,0.5742503581780453,-0.1980092425411878,0.4286779526604783,0.0,0.0,-0.3900947488027456,1.0,1.6656178548664593,0.0,0.0,-0.51700258275617,0.23611031572537214,-0.6726934484593291,-0.4822428221704206,-0.5726458725776542,-0.841250339880368,-0.4822428221703465,2.0766148020505675,0.0,-0.48224282217041214,0.0,0.18146654657782452,-0.48224282217041237,0.0,0.0,-0.7365679124804709,-0.7102587571396233,-0.7311537601838952,-0.4822428221704639,1.1474609616992735,0.6167181534277518,-0.5614620248506638,-0.3245401867557386,-0.5779207659293812,-0.4822428221704243,-0.6360707430041873,0.3608517594875028,-0.39009474880365774,1.0,0.13867504905678008,0.308153109582199,-0.8365755388887568,-0.4822428221704333,-0.6478886405551372,-0.5844700955104281,-0.7056900943839838,-0.5663917100105552,-0.4822428221704492,-1.3628891707407422,-0.6871842709366432,-0.48224282217080444,0.9421630606622611,0.572874592998374,0.572874592998374,0.0,0.0,0.0,0.0,0.0,-0.24494897427831738,0.0,0.0,0.0,0.0,0.0,0.0,0.0,0.0,0.0,0.0,0.0,0.0,0.0,0.0,0.0,0.0,0.0,0.0,0.0,0.0,0.0,0.0,0.0,0.0,0.0,0.0,-0.786254880296189,-0.3526166429246424,0.3900947488026122,0.48224282216893616,0.10838556292073842,-0.654102892691588,-0.7583505423183327,0.4550190359214333,-0.4822428221714778,0.5624409918213908,0.35729480050524826,-0.24494897427831738,-0.1980295085953347,,,,,,,,,,,,,,,,,,,,,,,,,,,,,,,,,,,,,,,,,,,,,,,,,,,,,,,,,,,,,,,,,0
1363225777,0.3870636299529302,0.4822428221696784,0.6067319686192794,-0.1980092425411878,0.5225619670861202,0.0,0.0,-0.3900947488027456,1.0,-0.85660346821703,0.0,0.0,-0.48296390339458356,0.31698394821208936,-0.6726934484593291,-0.4822428221704206,-0.5087506489005684,-0.841250339880368,-0.4822428221703465,0.6822223303454775,0.0,-0.48224282217041214,0.0,0.18146654657782452,-0.48224282217041237,0.0,0.0,-0.8458248181022341,-0.8187909539239102,-0.7311537601838952,-0.4822428221704639,-1.0914632949040295,0.6393705057079252,-0.9899355643335319,-0.6066890368453264,-0.5779207659293812,-0.4822428221704243,-0.6033249932429223,0.36746716704642285,-0.39009474880365774,1.0,0.13867504905678008,0.34040611339924526,-0.8365755388887568,-0.4822428221704333,-0.6478886405551372,-0.7829128569585555,-0.8424600350811294,-0.5663917100105552,-0.4822428221704492,0.07405246978787135,-0.6871842709366432,-0.48224282217080444,-0.44491033420181564,0.6061301827343146,0.6061301827343146,0.0,0.0,0.0,0.0,0.0,-0.24494897427831738,0.0,0.0,0.0,0.0,0.0,0.0,0.0,0.0,0.0,0.0,0.0,0.0,0.0,0.0,0.0,0.0,0.0,0.0,0.0,0.0,0.0,0.0,0.0,0.0,0.0,0.0,-0.9914321754990346,-0.3323028580605051,0.3900947488026122,0.48224282216893616,0.10838556292073842,-0.7922202365667044,-0.7583505423183327,0.4550190359214333,-0.4822428221714778,-0.7925304884756279,0.35729480050524826,-0.24494897427831738,-0.1980295085953347,,,,,,,,,,,,,,,,,,,,,,,,,,,,,,,,,,,,,,,,,,,,,,,,,,,,,,,,,,,,,,,,,0
1363641350,0.3870636299529302,0.4822428221696784,0.7106731220312286,-0.1980092425411878,0.2409099238091945,0.0,0.0,-0.3900947488027456,1.0,-0.85660346821703,0.0,0.0,-0.07449975105554747,0.3223755237112038,-0.6726934484593291,-0.4822428221704206,0.1940968115473744,-0.841250339880368,-0.4822428221703465,-0.23006636124880891,0.0,-0.48224282217041214,0.0,0.18146654657782452,-0.48224282217041237,0.0,0.0,0.6321783218366168,0.6633518584115085,-0.7311537601838952,-0.4822428221704639,-0.518715229261323,0.7402375837856793,1.0506696674536273,0.9712545321742201,-0.5779207659293812,-0.4822428221704243,0.1825730010274272,0.3608517594875028,-0.39009474880365774,1.0,0.13867504905678008,0.34443773887637574,-0.8365755388887568,-0.4822428221704333,0.20206427898508308,0.9197260362663776,0.7220546524057314,-0.5663917100105552,-0.4822428221704492,0.07405246978787135,-0.6871842709366432,-0.48224282217080444,-0.44491033420181564,0.7125480698893247,0.7125480698893247,0.0,0.0,0.0,0.0,0.0,-0.24494897427831738,0.0,0.0,0.0,0.0,0.0,0.0,0.0,0.0,0.0,0.0,0.0,0.0,0.0,0.0,0.0,0.0,0.0,0.0,0.0,0.0,0.0,0.0,0.0,0.0,0.0,0.0,-0.8067726098164724,-0.3932442126529164,0.3900947488026122,0.48224282216893616,-1.3277231457783059,1.2795399215600411,1.2229737619077363,0.4550190359214333,-0.4822428221714778,0.5624409918213908,0.35729480050524826,-0.24494897427831738,-0.1980295085953347,,,,,,,,,,,,,,,,,,,,,,,,,,,,,,,,,,,,,,,,,,,,,,,,,,,,,,,,,,,,,,,,,0
1364071191,0.3870636299529302,0.4822428221696784,0.8016216312666842,-0.1980092425411878,0.6164459815117622,0.0,0.0,-0.3900947488027456,1.0,0.8248774138386271,0.0,0.0,-0.51700258275617,0.2738513442191735,-0.6726934484593291,-0.4822428221704206,0.13020158787028868,-0.841250339880368,-0.4822428221703465,1.809603477681514,0.0,-0.48224282217041214,0.0,0.18146654657782452,-0.48224282217041237,0.0,0.0,-0.7638821388859117,-0.7577415932327487,-0.7311537601838952,-0.4822428221704639,-0.4145792173262878,0.8137508779779409,-0.025870100497078725,0.009858450387476512,-0.5779207659293812,-0.4822428221704243,-0.013901497540160162,0.334390129251823,-0.39009474880365774,1.0,0.13867504905678008,0.3363744879221142,-0.8365755388887568,-0.4822428221704333,0.03207369507702454,-0.6003455164262783,-0.7824146952628704,-0.5663917100105552,-0.4822428221704492,-0.6336949053978642,-0.6871842709366432,-0.48224282217080444,0.9421630606622611,0.8056637211499585,0.8056637211499585,0.0,0.0,0.0,0.0,0.0,-0.24494897427831738,0.0,0.0,0.0,0.0,0.0,0.0,0.0,0.0,0.0,0.0,0.0,0.0,0.0,0.0,0.0,0.0,0.0,0.0,0.0,0.0,0.0,0.0,0.0,0.0,0.0,0.0,-1.7711058972698477,-0.3526166429246424,0.3900947488026122,0.48224282216893616,-1.3277231457783059,-0.7922202365667044,-0.7583505423183327,0.4550190359214333,-0.4822428221714778,-0.7925304884756279,0.35729480050524826,-0.24494897427831738,-0.1980295085953347,,,,,,,,,,,,,,,,,,,,,,,,,,,,,,,,,,,,,,,,,,,,,,,,,,,,,,,,,,,,,,,,,0
1364176183,0.3870636299529302,0.4822428221696784,0.8341032417079184,-0.1980092425411878,0.5225619670861202,0.0,0.0,-0.3900947488027456,1.0,1.6656178548664593,0.0,0.0,-0.4148865446714109,0.27924291971828796,-0.6726934484593291,-0.4822428221704206,0.13020158787028868,-0.841250339880368,-0.4822428221703465,-0.22264938001634177,0.0,-0.48224282217041214,0.0,0.18146654657782452,-0.48224282217041237,0.0,0.0,-0.860999388327479,-0.8187909539239102,-0.7311537601838952,-0.4822428221704639,-0.8050892620826781,0.8359758273849033,-0.9952914835770676,-0.3036402719342877,-0.5779207659293812,-0.4822428221704243,-0.1448844965852186,0.3013130914572232,-0.39009474880365774,1.0,0.13867504905678008,0.32831123696785264,-0.8365755388887568,-0.4822428221704333,-0.13791688883100983,-0.7829128569585555,-0.859139296141757,-0.5663917100105552,-0.4822428221704492,0.3099682615164519,-0.6871842709366432,-0.48224282217080444,-0.44491033420181564,0.8389193108858992,0.8389193108858992,0.0,0.0,0.0,0.0,0.0,-0.24494897427831738,0.0,0.0,0.0,0.0,0.0,0.0,0.0,0.0,0.0,0.0,0.0,0.0,0.0,0.0,0.0,0.0,0.0,0.0,0.0,0.0,0.0,0.0,0.0,0.0,0.0,0.0,-0.7247016917353344,-0.3526166429246424,0.3900947488026122,0.48224282216893616,0.10838556292073842,-0.7922202365667044,-0.6168273777307562,0.4550190359214333,-0.4822428221714778,-0.7925304884756279,0.35729480050524826,-0.24494897427831738,-0.1980295085953347,,,,,,,,,,,,,,,,,,,,,,,,,,,,,,,,,,,,,,,,,,,,,,,,,,,,,,,,,,,,,,,,,0
1364323671,0.3870636299529302,0.4822428221696784,0.8665848521491525,-0.1980092425411878,0.2409099238091945,0.0,0.0,-0.3900947488027456,1.0,1.6656178548664593,0.0,0.0,0.9806993091536291,0.3385502502085473,-0.6726934484593291,-0.4822428221704206,0.0024111405161172644,-0.841250339880368,-0.4822428221703465,-0.5638305167101345,0.0,-0.48224282217041214,0.0,0.6394535450837624,-0.48224282217041237,0.0,0.0,1.6579792690631707,1.6130085802740195,-0.7311537601838952,-0.4822428221704639,-0.518715229261323,0.8663214313828718,1.7255154921391445,1.4415026156568664,-0.5779207659293812,-0.4822428221704243,-0.06302012218205714,0.36746716704642285,-0.39009474880365774,1.0,0.13867504905678008,0.3484693643535063,-0.8365755388887568,-0.4822428221704333,-0.13791688883100983,1.3324869800784827,1.5560177054371072,-0.5663917100105552,-0.4822428221704492,-0.16186332194070618,-0.6871842709366432,-0.48224282217080444,-0.44491033420181564,0.8721749006218399,0.8721749006218399,0.0,0.0,0.0,0.0,0.0,-0.24494897427831738,0.0,0.0,0.0,0.0,0.0,0.0,0.0,0.0,0.0,0.0,0.0,0.0,0.0,0.0,0.0,0.0,0.0,0.0,0.0,0.0,0.0,0.0,0.0,0.0,0.0,0.0,0.8346457518062931,-0.3932442126529164,0.3900947488026122,0.48224282216893616,0.10838556292073842,1.2795399215600411,1.2229737619077363,0.4550190359214333,-0.4822428221714778,-0.7925304884756279,0.35729480050524826,-0.24494897427831738,-0.1980295085953347,,,,,,,,,,,,,,,,,,,,,,,,,,,,,,,,,,,,,,,,,,,,,,,,,,,,,,,,,,,,,,,,,0
1364532172,0.3870636299529302,0.4822428221696784,0.9120591067668803,-0.1980092425411878,0.2409099238091945,0.0,0.0,-0.3900947488027456,1.0,-0.01586302718919776,0.0,0.0,4.010141772334813,0.3547249767058907,0.44494770415334817,-0.4822428221704206,0.44967770625571724,1.675442133812352,-0.4822428221703465,-0.2968191923410808,0.0,-0.48224282217041214,0.0,0.6394535450837624,-0.48224282217041237,0.0,0.0,2.0585879230096356,2.182802613391526,1.8426166030903155,-0.4822428221704639,2.1107190720983704,0.9107713301967971,1.1470762138372725,0.8354050858347892,0.03467524595576618,-0.4822428221704243,0.16620012614679527,0.3608517594875028,2.563479777845713,1.0,0.13867504905678008,0.3323428624449837,0.15979532765303825,-0.4822428221704333,0.20206427898508308,2.781119138649813,2.2065088868015805,0.12090651318070118,-0.4822428221704492,-0.483566674297859,1.4552137502176323,-0.48224282217080444,0.9421630606622611,0.9187327262521569,0.9187327262521569,0.0,0.0,0.0,0.0,0.0,-0.24494897427831738,0.0,0.0,0.0,0.0,0.0,0.0,0.0,0.0,0.0,0.0,0.0,0.0,0.0,0.0,0.0,0.0,0.0,0.0,0.0,0.0,0.0,0.0,0.0,0.0,0.0,0.0,0.8141280222860082,-0.3932442126529164,0.3900947488026122,0.48224282216893616,0.10838556292073842,1.1414225776849252,0.9399274327325834,0.22864015609525268,-0.4822428221714778,-0.7925304884756279,0.35729480050524826,-0.24494897427831738,-0.1980295085953347,,,,,,,,,,,,,,,,,,,,,,,,,,,,,,,,,,,,,,,,,,,,,,,,,,,,,,,,,,,,,,,,,0
1364659625,0.3870636299529302,0.4822428221696784,0.9445407172081144,-0.1980092425411878,0.3347939382348364,0.0,0.0,-0.3900947488027456,1.0,-0.01586302718919776,0.0,0.0,1.1849313853231471,0.37629127870234863,0.44494770415334817,-0.4822428221704206,0.38578248257863157,1.675442133812352,-0.4822428221703465,-0.7640890099869332,0.0,-0.48224282217041214,0.0,0.6394535450837624,-0.48224282217041237,0.0,0.0,1.7975853151354233,1.745282195104869,1.8426166030903155,-0.4822428221704639,1.8243450392770189,0.9240208192663327,1.8112102000357182,1.650501763871376,0.03467524595576618,-0.4822428221704243,0.55914912328197,0.3410055368107431,2.563479777845713,1.0,0.13867504905678008,0.36862749173915993,0.15979532765303825,-0.4822428221704333,0.37205486289311746,1.5587117281293479,1.686115941710002,0.12090651318070118,-0.4822428221704492,-0.16186332194070618,1.4552137502176323,-0.48224282217080444,-0.44491033420181564,0.9519883159880975,0.9519883159880975,0.0,0.0,0.0,0.0,0.0,-0.24494897427831738,0.0,0.0,0.0,0.0,0.0,0.0,0.0,0.0,0.0,0.0,0.0,0.0,0.0,0.0,0.0,0.0,0.0,0.0,0.0,0.0,0.0,0.0,0.0,0.0,0.0,0.0,0.8346457518062931,-0.41355799751705374,0.3900947488026122,0.48224282216893616,0.10838556292073842,1.1414225776849252,1.2229737619077363,0.22864015609525268,-0.4822428221714778,-0.7925304884756279,0.35729480050524826,-0.24494897427831738,-0.1980295085953347,,,,,,,,,,,,,,,,,,,,,,,,,,,,,,,,,,,,,,,,,,,,,,,,,,,,,,,,,,,,,,,,,0
1364778083,0.3870636299529302,0.4822428221696784,0.9770223276493486,-0.1980092425411878,0.2409099238091945,0.0,0.0,-0.3900947488027456,1.0,0.8248774138386271,0.0,0.0,-0.023441732013167967,0.36550812770411967,0.44494770415334817,-0.4822428221704206,0.13020158787028868,1.675442133812352,-0.4822428221703465,0.5116317619985812,0.0,-0.48224282217041214,0.0,0.18146654657782452,-0.48224282217041237,0.0,0.0,0.6807369465574005,0.6497853338134727,1.8426166030903155,-0.4822428221704639,-0.7009532501476392,0.9415443370679766,0.2526377001667855,0.09345810967328039,0.03467524595576618,-0.4822428221704243,-0.0793929970626891,0.3608517594875028,2.563479777845713,1.0,0.13867504905678008,0.3605642407848989,0.15979532765303825,-0.4822428221704333,0.03207369507702454,0.12198613524490548,0.5285752241024523,0.12090651318070118,-0.4822428221704492,0.6316716138736047,1.4552137502176323,-0.48224282217080444,0.9421630606622611,0.9852439057240382,0.9852439057240382,0.0,0.0,0.0,0.0,0.0,-0.24494897427831738,0.0,0.0,0.0,0.0,0.0,0.0,0.0,0.0,0.0,0.0,0.0,0.0,0.0,0.0,0.0,0.0,0.0,0.0,0.0,0.0,0.0,0.0,0.0,0.0,0.0,0.0,-1.483857683985864,-0.37293042778877905,0.3900947488026122,0.48224282216893616,-1.3277231457783059,-0.654102892691588,-0.7583505423183327,0.22864015609525268,-0.4822428221714778,-3.502473449069677,0.35729480050524826,-0.24494897427831738,-0.1980295085953347,,,,,,,,,,,,,,,,,,,,,,,,,,,,,,,,,,,,,,,,,,,,,,,,,,,,,,,,,,,,,,,,,0
1365048284,0.3870636299529302,0.4822428221696784,1.0224965822670764,-0.1980092425411878,0.14702590938355256,0.0,0.0,-0.3900947488027456,1.0,-0.01586302718919776,0.0,0.0,0.19780968383714326,0.3062007972138604,0.44494770415334817,-0.4822428221704206,-0.7004363199318255,1.675442133812352,-0.4822428221703465,0.6822223303454775,0.0,-0.48224282217041214,0.0,0.18146654657782452,-0.48224282217041237,0.0,0.0,0.7080511729628411,0.6633518584115085,1.8426166030903155,-0.4822428221704639,-0.12820518450493265,1.000098530697859,0.1883666692443553,-0.13644095336267997,0.03467524595576618,-0.4822428221704243,-0.5705792434816578,0.3244670179134431,2.563479777845713,1.0,0.13867504905678008,0.3363744879221142,0.15979532765303825,-0.4822428221704333,-0.8178792244631957,0.12198613524490548,0.5419186329509543,0.12090651318070118,-0.4822428221704492,-1.27710161011217,1.4552137502176323,-0.48224282217080444,-0.44491033420181564,1.031801731354355,1.031801731354355,0.0,0.0,0.0,0.0,0.0,-0.24494897427831738,0.0,0.0,0.0,0.0,0.0,0.0,0.0,0.0,0.0,0.0,0.0,0.0,0.0,0.0,0.0,0.0,0.0,0.0,0.0,0.0,0.0,0.0,0.0,0.0,0.0,0.0,-1.2171272002221638,-0.37293042778877905,0.3900947488026122,0.48224282216893616,-1.3277231457783059,-0.7922202365667044,-0.7583505423183327,0.22864015609525268,-0.4822428221714778,-0.7925304884756279,0.35729480050524826,-0.24494897427831738,-0.1980295085953347,,,,,,,,,,,,,,,,,,,,,,,,,,,,,,,,,,,,,,,,,,,,,,,,,,,,,,,,,,,,,,,,,0
1365195769,0.3870636299529302,0.4822428221696784,1.0549781927083104,-0.1980092425411878,0.2409099238091945,0.0,0.0,-0.3900947488027456,1.0,-0.01586302718919776,0.0,0.0,-0.7722926779680674,0.2199355892280287,0.44494770415334817,-0.4822428221704206,-0.828226767285997,1.675442133812352,-0.4822428221703465,-1.4464512833745355,0.0,-0.48224282217041214,0.0,0.6394535450837624,-0.48224282217041237,0.0,0.0,-0.9429420675438013,-1.0053306671469033,1.8426166030903155,-0.4822428221704639,-0.23234119643997153,1.0278797174565624,-0.34722525510922975,-1.1082869925601493,0.03467524595576618,-0.4822428221704243,-0.9799011154974651,0.3740825746053429,2.563479777845713,1.0,0.13867504905678008,0.30008985862793797,0.15979532765303825,-0.4822428221704333,-1.1578603922792645,-0.8345079749350686,-0.9492073058691456,0.12090651318070118,-0.4822428221704492,-1.1913140494835945,1.4552137502176323,-0.48224282217080444,-0.44491033420181564,1.0650573210902958,1.0650573210902958,0.0,0.0,0.0,0.0,0.0,-0.24494897427831738,0.0,0.0,0.0,0.0,0.0,0.0,0.0,0.0,0.0,0.0,0.0,0.0,0.0,0.0,0.0,0.0,0.0,0.0,0.0,0.0,0.0,0.0,0.0,0.0,0.0,0.0,-3.945985226420012,-0.3323028580605051,0.3900947488026122,0.48224282216893616,-1.3277231457783059,1.1414225776849252,1.3644969264953122,0.22864015609525268,-0.4822428221714778,-0.7925304884756279,0.35729480050524826,-0.24494897427831738,-0.1980295085953347,,,,,,,,,,,,,,,,,,,,,,,,,,,,,,,,,,,,,,,,,,,,,,,,,,,,,,,,,,,,,,,,,0
1365394606,0.3870636299529302,0.4822428221696784,1.0874598031495446,-0.1980092425411878,0.5225619670861202,0.0,0.0,-0.3900947488027456,1.0,0.8248774138386271,0.0,0.0,-0.43190588435220406,0.2900260707165169,0.44494770415334817,-0.4822428221704206,0.13020158787028868,1.675442133812352,-0.4822428221703465,0.13336571914241055,0.0,-0.48224282217041214,0.0,0.18146654657782452,-0.48224282217041237,0.0,0.0,-0.8731390445076749,-0.8662737900170356,1.8426166030903155,-0.4822428221704639,-0.8050892620826781,1.0586527243277417,-0.947088210385245,-0.5439892923809735,0.03467524595576618,-0.4822428221704243,-0.09576587194332162,0.36746716704642285,2.563479777845713,1.0,0.13867504905678008,0.3162163605364606,0.15979532765303825,-0.4822428221704333,0.03207369507702454,-0.7273488837530798,-0.8724827049902589,0.12090651318070118,-0.4822428221704492,-0.011735090840700908,1.4552137502176323,-0.48224282217080444,-0.44491033420181564,1.0983129108262364,1.0983129108262364,0.0,0.0,0.0,0.0,0.0,-0.24494897427831738,0.0,0.0,0.0,0.0,0.0,0.0,0.0,0.0,0.0,0.0,0.0,0.0,0.0,0.0,0.0,0.0,0.0,0.0,0.0,0.0,0.0,0.0,0.0,0.0,0.0,0.0,0.4448088909208851,-0.3323028580605051,0.3900947488026122,0.48224282216893616,0.10838556292073842,-0.654102892691588,-0.8998737069059091,0.22864015609525268,-0.4822428221714778,-0.7925304884756279,0.35729480050524826,-0.24494897427831738,-0.1980295085953347,,,,,,,,,,,,,,,,,,,,,,,,,,,,,,,,,,,,,,,,,,,,,,,,,,,,,,,,,,,,,,,,,0
1365556587,0.3870636299529302,0.4822428221696784,1.1264377356790256,-0.1980092425411878,0.4286779526604783,0.0,0.0,-0.3900947488027456,1.0,-0.01586302718919776,0.0,0.0,-0.4148865446714109,0.3062007972138604,0.44494770415334817,-0.4822428221704206,0.1940968115473744,1.675442133812352,-0.4822428221703465,-0.37840598589828695,0.0,-0.48224282217041214,0.0,0.18146654657782452,-0.48224282217041237,0.0,0.0,-0.7760217950661077,-0.7102587571396233,1.8426166030903155,-0.4822428221704639,-0.9092252740177132,1.0945545656774507,-1.0381388375253544,-0.34544010157718946,0.03467524595576618,-0.4822428221704243,0.10070862662426576,0.36746716704642285,2.563479777845713,1.0,0.13867504905678008,0.3242796114907221,0.15979532765303825,-0.4822428221704333,0.03207369507702454,-0.7630685808137427,-0.7223693554446113,0.12090651318070118,-0.4822428221704492,0.24562759104502196,1.4552137502176323,-0.48224282217080444,-0.44491033420181564,1.1382196185093651,1.1382196185093651,0.0,0.0,0.0,0.0,0.0,-0.24494897427831738,0.0,0.0,0.0,0.0,0.0,0.0,0.0,0.0,0.0,0.0,0.0,0.0,0.0,0.0,0.0,0.0,0.0,0.0,0.0,0.0,0.0,0.0,0.0,0.0,0.0,0.0,-0.1912407242079353,-0.3526166429246424,0.3900947488026122,0.48224282216893616,-1.3277231457783059,-0.654102892691588,-0.7583505423183327,0.22864015609525268,-0.4822428221714778,0.5624409918213908,0.35729480050524826,-0.24494897427831738,-0.1980295085953347,,,,,,,,,,,,,,,,,,,,,,,,,,,,,,,,,,,,,,,,,,,,,,,,,,,,,,,,,,,,,,,,,0
1365713363,-2.56344311777513,0.4822428221696784,1.1589193461202598,-0.1980092425411878,0.3347939382348364,0.0,0.0,2.563479777846625,1.0,-0.85660346821703,0.0,0.0,0.09569364575238423,0.4194238826952645,2.3449376635948997,-0.4822428221704206,1.2803156140578316,1.2786662933653024,-0.4822428221703465,-1.4167833584446332,0.0,-0.48224282217041214,0.0,0.6394535450837624,-0.48224282217041237,0.0,0.0,0.9781585229722,0.9957317110633874,-0.4130473107904512,-0.4822428221704639,-0.23234119643997153,1.121053543816522,1.4041603375269935,1.514652317531945,2.485059293496356,-0.4822428221704243,1.0175896199396743,0.3476209443696627,-0.39009474880365774,1.0,0.13867504905678008,0.38072236817055255,1.6543516274656953,-0.4822428221704333,1.0520171985253033,1.1340442186303552,1.0256172037091522,2.486020987103551,-0.4822428221704492,1.253631428430765,-0.6871842709366432,-0.48224282217080444,-1.8319837290658676,1.171475208245306,1.171475208245306,0.0,0.0,0.0,0.0,0.0,-0.24494897427831738,0.0,0.0,0.0,0.0,0.0,0.0,0.0,0.0,0.0,0.0,0.0,0.0,0.0,0.0,0.0,0.0,0.0,0.0,0.0,0.0,0.0,0.0,0.0,0.0,0.0,0.0,0.7525748337251537,-0.3932442126529164,-2.5634797778467586,0.48224282216893616,-1.3277231457783059,1.2795399215600411,1.2229737619077363,-2.554488425297198,-0.4822428221714778,-0.7925304884756279,0.35729480050524826,-0.24494897427831738,-0.1980295085953347,,,,,,,,,,,,,,,,,,,,,,,,,,,,,,,,,,,,,,,,,,,,,,,,,,,,,,,,,,,,,,,,,0
1365998883,-2.56344311777513,0.4822428221696784,1.223882567002728,-0.1980092425411878,0.3347939382348364,0.0,0.0,2.563479777846625,1.0,-0.01586302718919776,0.0,0.0,1.0998346869191813,0.37629127870234863,2.3449376635948997,-0.4822428221704206,1.3442108377349173,1.2786662933653024,-0.4822428221703465,-1.1942739214704161,0.0,-0.48224282217041214,0.0,0.6394535450837624,-0.48224282217041237,0.0,0.0,1.6822585814235624,1.6537081540681267,-0.4130473107904512,-0.4822428221704639,0.08006683936514145,1.1693500684893445,1.9451081811241144,1.9013007417287873,2.485059293496356,-0.4822428221704243,1.3450471175523202,0.3641594632669626,-0.39009474880365774,1.0,0.13867504905678008,0.3565326153077678,1.6543516274656953,-0.4822428221704333,1.2220077824333377,1.4594903474052843,1.6460857151644959,2.486020987103551,-0.4822428221704492,1.9613788036165036,-0.6871842709366432,-0.48224282217080444,-0.44491033420181564,1.2379863877171873,1.2379863877171873,0.0,0.0,0.0,0.0,0.0,-0.24494897427831738,0.0,0.0,0.0,0.0,0.0,0.0,0.0,0.0,0.0,0.0,0.0,0.0,0.0,0.0,0.0,0.0,0.0,0.0,0.0,0.0,0.0,0.0,0.0,0.0,0.0,0.0,0.8961989403671462,-0.3932442126529164,-2.5634797778467586,0.48224282216893616,-1.3277231457783059,1.2795399215600411,1.2229737619077363,-2.554488425297198,-0.4822428221714778,-0.7925304884756279,0.35729480050524826,-0.24494897427831738,-0.1980295085953347,,,,,,,,,,,,,,,,,,,,,,,,,,,,,,,,,,,,,,,,,,,,,,,,,,,,,,,,,,,,,,,,,0
1366137441,-2.56344311777513,0.4822428221696784,1.2563641774439622,-0.1980092425411878,0.5225619670861202,0.0,0.0,2.563479777846625,1.0,-0.85660346821703,0.0,0.0,1.1849313853231471,0.45177333568995137,2.3449376635948997,-0.4822428221704206,1.3442108377349173,1.2786662933653024,-0.4822428221703465,-1.6689607203487524,0.0,-0.48224282217041214,0.0,0.6394535450837624,-0.48224282217041237,0.0,0.0,2.0252038685140965,1.9894796378695148,-0.4130473107904512,-0.4822428221704639,-0.024069172569897452,1.2031148954729993,2.2557514972491934,2.4342485696757867,2.485059293496356,-0.4822428221704243,1.3777928673135846,0.3608517594875028,-0.39009474880365774,1.0,0.13867504905678008,0.3968488700790751,1.6543516274656953,-0.4822428221704333,1.2220077824333377,1.876220146446352,1.9796709363770462,2.486020987103551,-0.4822428221704492,1.253631428430765,-0.6871842709366432,-0.48224282217080444,-1.8319837290658676,1.2712419774531278,1.2712419774531278,0.0,0.0,0.0,0.0,0.0,-0.24494897427831738,0.0,0.0,0.0,0.0,0.0,0.0,0.0,0.0,0.0,0.0,0.0,0.0,0.0,0.0,0.0,0.0,0.0,0.0,0.0,0.0,0.0,0.0,0.0,0.0,0.0,0.0,0.8141280222860082,-0.45418556724532777,-2.5634797778467586,0.48224282216893616,-1.3277231457783059,1.1414225776849252,0.9399274327325834,-2.554488425297198,-0.4822428221714778,-0.7925304884756279,0.35729480050524826,-0.24494897427831738,-0.1980295085953347,,,,,,,,,,,,,,,,,,,,,,,,,,,,,,,,,,,,,,,,,,,,,,,,,,,,,,,,,,,,,,,,,0
1366399656,-2.56344311777513,0.4822428221696784,1.3213273983264304,-0.1980092425411878,0.3347939382348364,0.0,0.0,2.563479777846625,1.0,-2.5380843502726798,0.0,0.0,-0.39786720499061773,0.43020703369349345,2.3449376635948997,-0.4822428221704206,1.4720012850890887,1.2786662933653024,-0.4822428221703465,-2.1288135567621294,0.0,-0.48224282217041214,0.0,0.18146654657782452,-0.48224282217041237,0.0,0.0,-0.0870963068399903,0.005375415406768883,-0.4130473107904512,-0.4822428221704639,0.36644087218649285,1.2595320747368282,0.10802788059131754,0.4278567468164955,2.485059293496356,-0.4822428221704243,1.410538617074849,0.3178516103545231,-0.39009474880365774,1.0,0.13867504905678008,0.37669074269342145,1.6543516274656953,-0.4822428221704333,1.3919983663413962,-0.1558337307824729,0.0015105745866228393,2.486020987103551,-0.4822428221704492,1.8112505725164985,-0.6871842709366432,-0.48224282217080444,-1.8319837290658676,1.3377531569250092,1.3377531569250092,0.0,0.0,0.0,0.0,0.0,-0.24494897427831738,0.0,0.0,0.0,0.0,0.0,0.0,0.0,0.0,0.0,0.0,0.0,0.0,0.0,0.0,0.0,0.0,0.0,0.0,0.0,0.0,0.0,0.0,0.0,0.0,0.0,0.0,0.7525748337251537,-0.37293042778877905,-2.5634797778467586,0.48224282216893616,-1.3277231457783059,-0.7922202365667044,-0.8998737069059091,-2.554488425297198,-0.4822428221714778,-3.502473449069677,0.35729480050524826,-0.24494897427831738,-0.1980295085953347,,,,,,,,,,,,,,,,,,,,,,,,,,,,,,,,,,,,,,,,,,,,,,,,,,,,,,,,,,,,,,,,,0
1366512225,-2.56344311777513,0.4822428221696784,1.3538090087676646,-0.1980092425411878,0.5225619670861202,0.0,0.0,2.563479777846625,1.0,-1.697343909244855,0.0,0.0,-0.4148865446714109,0.4571649111890658,2.3449376635948997,-0.4822428221704206,1.3442108377349173,1.2786662933653024,-0.4822428221703465,-1.6244588329539074,0.0,-0.48224282217041214,0.0,0.18146654657782452,-0.48224282217041237,0.0,0.0,-0.2995402899934186,-0.23203876505885881,-0.4130473107904512,-0.4822428221704639,-0.024069172569897452,1.2693623408206767,-0.5025469131717695,0.009858450387476512,2.485059293496356,-0.4822428221704243,1.2140641185072616,0.3608517594875028,-0.39009474880365774,1.0,0.13867504905678008,0.38475399364768303,1.6543516274656953,-0.4822428221704333,1.2220077824333377,-0.3701519131464505,-0.2286632280500369,2.486020987103551,-0.4822428221704492,1.3394189890593404,-0.6871842709366432,-0.48224282217080444,-1.8319837290658676,1.3710087466609497,1.3710087466609497,0.0,0.0,0.0,0.0,0.0,-0.24494897427831738,0.0,0.0,0.0,0.0,0.0,0.0,0.0,0.0,0.0,0.0,0.0,0.0,0.0,0.0,0.0,0.0,0.0,0.0,0.0,0.0,0.0,0.0,0.0,0.0,0.0,0.0,0.7320571042048702,-0.3526166429246424,-2.5634797778467586,0.48224282216893616,-1.3277231457783059,-0.654102892691588,-0.7583505423183327,-2.554488425297198,-0.4822428221714778,-0.7925304884756279,0.35729480050524826,-0.24494897427831738,-0.1980295085953347,,,,,,,,,,,,,,,,,,,,,,,,,,,,,,,,,,,,,,,,,,,,,,,,,,,,,,,,,,,,,,,,,0
1366644417,-2.56344311777513,0.4822428221696784,1.3862906192088986,-0.1980092425411878,0.6164459815117622,0.0,0.0,2.563479777846625,1.0,0.8248774138386271,0.0,0.0,-0.5850799414793426,0.3601165522050052,2.3449376635948997,-0.4822428221704206,0.7052586009640601,1.2786662933653024,-0.4822428221703465,-2.0101418570425453,0.0,-0.48224282217041214,0.0,0.6394535450837624,-0.48224282217041237,0.0,0.0,-0.8306502478769893,-0.7713081178307846,-0.4130473107904512,-0.4822428221704639,-0.518715229261323,1.3082560022828618,-0.6685804097213808,-0.2722903997021112,2.485059293496356,-0.4822428221704243,0.8047422464914544,0.3079284990161432,-0.39009474880365774,1.0,0.13867504905678008,0.3484693643535063,1.6543516274656953,-0.4822428221704333,0.7120360307092104,-0.7273488837530798,-0.8124373651719999,2.486020987103551,-0.4822428221704492,0.717459174502177,-0.6871842709366432,-0.48224282217080444,-0.44491033420181564,1.4042643363968905,1.4042643363968905,0.0,0.0,0.0,0.0,0.0,-0.24494897427831738,0.0,0.0,0.0,0.0,0.0,0.0,0.0,0.0,0.0,0.0,0.0,0.0,0.0,0.0,0.0,0.0,0.0,0.0,0.0,0.0,0.0,0.0,0.0,0.0,0.0,0.0,0.5063620794817397,-0.3526166429246424,-2.5634797778467586,0.48224282216893616,0.10838556292073842,-0.654102892691588,-0.7583505423183327,-2.554488425297198,-0.4822428221714778,0.5624409918213908,0.35729480050524826,-0.24494897427831738,-0.1980295085953347,,,,,,,,,,,,,,,,,,,,,,,,,,,,,,,,,,,,,,,,,,,,,,,,,,,,,,,,,,,,,,,,,0
1367250887,-2.56344311777513,0.4822428221696784,1.5162170609738352,-0.1980092425411878,0.6164459815117622,0.0,0.0,2.563479777846625,1.0,-1.697343909244855,0.0,0.0,-0.5340219224369631,0.34394182570766174,2.3449376635948997,-0.4822428221704206,0.6413633772869745,1.2786662933653024,-0.4822428221703465,-0.9050116534039356,0.0,-0.48224282217041214,0.0,0.6394535450837624,-0.48224282217041237,0.0,0.0,-0.8731390445076749,-0.8493156342694909,-0.4130473107904512,-0.4822428221704639,-0.8050892620826781,1.4116874975998808,-0.5400383478765204,-0.0005915070232487393,2.485059293496356,-0.4822428221704243,0.5918948730432345,0.32777472169290295,-0.39009474880365774,1.0,0.13867504905678008,0.3525009898306373,1.6543516274656953,-0.4822428221704333,0.5420454468011761,-0.6201897925710911,-0.919184635960016,2.486020987103551,-0.4822428221704492,0.24562759104502196,-0.6871842709366432,-0.48224282217080444,-0.44491033420181564,1.5372866953406532,1.5372866953406532,0.0,0.0,0.0,0.0,0.0,-0.24494897427831738,0.0,0.0,0.0,0.0,0.0,0.0,0.0,0.0,0.0,0.0,0.0,0.0,0.0,0.0,0.0,0.0,0.0,0.0,0.0,0.0,0.0,0.0,0.0,0.0,0.0,0.0,0.7936102927657234,-0.3526166429246424,-2.5634797778467586,0.48224282216893616,0.10838556292073842,-0.9303375804418209,-0.8998737069059091,-2.554488425297198,-0.4822428221714778,-0.7925304884756279,0.35729480050524826,-0.24494897427831738,-0.1980295085953347,,,,,,,,,,,,,,,,,,,,,,,,,,,,,,,,,,,,,,,,,,,,,,,,,,,,,,,,,,,,,,,,,0
